"minLevel","maxLevel","rankStr"
"最小关卡","最大关卡","段位名称"
"1","3","青铜"
"4","7","白银"
"8","12","黄金"
"13","17","钻石"
"18","25","星耀"
"26","32","王者1"
"32","39","王者2"
"40","46","王者3"
"47","53","王者4"
"54","60","王者5"
"61","67","王者6"
"68","74","王者7"
"75","81","王者8"
"82","88","王者9"
"89","95","王者10"
"96","105","王者11"
"106","115","王者12"
"116","125","王者13"
"126","135","王者14"
"136","145","王者15"
"146","155","王者16"
"156","165","王者17"
"166","175","王者18"
"176","185","王者19"
"186","195","王者20"
"196","205","王者21"
"206","215","王者22"
"216","225","王者23"
"226","235","王者24"
"236","245","王者25"
"246","255","王者26"
"256","265","王者27"
"266","275","王者28"
"276","285","王者29"
"286","295","王者30"
"296","305","王者31"
"306","315","王者32"
"316","325","王者33"
"326","335","王者34"
"336","345","王者35"
"346","355","王者36"
"356","365","王者37"
"366","375","王者38"
"376","385","王者39"
"386","395","王者40"
"396","405","王者41"
"406","415","王者42"
"416","425","王者43"
"426","435","王者44"
"436","445","王者45"
"446","455","王者46"
"456","465","王者47"
"466","475","王者48"
"476","485","王者49"
"486","495","王者50"
"496","505","王者51"
"506","515","王者52"
"516","525","王者53"
"526","535","王者54"
"536","545","王者55"
"546","555","王者56"
"556","565","王者57"
"566","575","王者58"
"576","585","王者59"
"586","595","王者60"
"596","605","王者61"
"606","615","王者62"
"616","625","王者63"
"626","635","王者64"
"636","645","王者65"
"646","655","王者66"
"656","665","王者67"
"666","675","王者68"
"676","685","王者69"
"686","695","王者70"
"696","705","王者71"
"706","715","王者72"
"716","725","王者73"
"726","735","王者74"
"736","745","王者75"
"746","755","王者76"
"756","765","王者77"
"766","775","王者78"
"776","785","王者79"
"786","795","王者80"
"796","805","王者81"
"806","815","王者82"
"816","825","王者83"
"826","835","王者84"
"836","845","王者85"
"846","855","王者86"
"856","865","王者87"
"866","875","王者88"
"876","885","王者89"
"886","895","王者90"
"896","905","王者91"
"906","915","王者92"
"916","925","王者93"
"926","935","王者94"
"936","945","王者95"
"946","955","王者96"
"956","965","王者97"
"966","975","王者98"
"976","985","王者99"
"986","995","王者100"
"996","1005","王者101"
"1006","1015","王者102"
"1016","1025","王者103"
"1026","1035","王者104"
"1036","1045","王者105"
"1046","1055","王者106"
"1056","1065","王者107"
"1066","1075","王者108"
"1076","1085","王者109"
"1086","1095","王者110"
"1096","1105","王者111"
"1106","1115","王者112"
"1116","1125","王者113"
"1126","1135","王者114"
"1136","1145","王者115"
"1146","1155","王者116"
"1156","1165","王者117"
"1166","1175","王者118"
"1176","1185","王者119"
"1186","1195","王者120"
"1196","1205","王者121"
"1206","1215","王者122"
"1216","1225","王者123"
"1226","1235","王者124"
"1236","1245","王者125"
"1246","1255","王者126"
"1256","1265","王者127"
"1266","1275","王者128"
"1276","1285","王者129"
"1286","1295","王者130"
"1296","1305","王者131"
"1306","1315","王者132"
"1316","1325","王者133"
"1326","1335","王者134"
"1336","1345","王者135"
"1346","1355","王者136"
"1356","1365","王者137"
"1366","1375","王者138"
"1376","1385","王者139"
"1386","1395","王者140"
"1396","1405","王者141"
"1406","1415","王者142"
"1416","1425","王者143"
"1426","1435","王者144"
"1436","1445","王者145"
"1446","1455","王者146"
"1456","1465","王者147"
"1466","1475","王者148"
"1476","1485","王者149"
"1486","1495","王者150"
"1496","1505","王者151"
"1506","1515","王者152"
"1516","1525","王者153"
"1526","1535","王者154"
"1536","1545","王者155"
"1546","1555","王者156"
"1556","1565","王者157"
"1566","1575","王者158"
"1576","1585","王者159"
"1586","1595","王者160"
"1596","1605","王者161"
"1606","1615","王者162"
"1616","1625","王者163"
"1626","1635","王者164"
