"name","url","description"
"接口名","URL","说明"
"wechatLogin","https://api.devourad.com/Wechat/gameLogin","微信登录"
"dyConversion","https://api.devourad.com/Wechat/dyConversion","抖音转化"
"getBindGame","https://api.devourad.com/Gameinfo/getBindGame","获取绑定游戏信息"
"getData","https://api.devourad.com/WechatGameFile/get_data","获取存档"
"setData","https://api.devourad.com/WechatGameFile/set_data","保存存档"
"dyLoginNoClickId","https://api.devourad.com/douyin/gameLoginNoClickId","抖音登录(无ClickId)"
"qqReport","https://api.datanexus.qq.com/data-nexus-trace/log","QQ数据上报"
"shareImage","https://cdn.devourad.com/dy/ShuiGuoShares/1.jpg","分享图片CDN"
"cloudEnv","cloudbase-4gnwt8be5f2000b2","微信云开发环境"
"sdk","@dn-sdk/minigame v1.5.8","SDK版本"