"className","responsibility"
"类名","职责"
"GameMgr.ts","游戏主管理器"
"GameMsg.ts","游戏消息/事件"
"GbzEnum.ts","枚举定义"
"AbMgr.ts","AB测试管理器"
"BgCtrCom.ts","背景控制组件"
"ChuiziCom.ts","锤子道具组件"
"DragFruit.ts","拖拽水果逻辑"
"CusReport.ts","自定义上报"
"FruitComp.ts","水果组件"
"AudioEngine.ts","音频引擎"
"DecryptUtil.ts","解密工具"
"DataManager.ts","数据管理器"
"FruitConfig.ts","水果配置(难度参数)"
"CCPoolManager.ts","对象池管理"
"GbzAviseLayer.ts","提示层"
"FruitBookComp.ts","水果图鉴组件"
"GbzResManager.ts","资源管理器"
"AdPlatformBase.ts","广告平台基类"
"CalculatedInfo.ts","计算信息(难度计算缓存)"
"GbzDataManager.ts","游戏数据管理"
"EventDispatcher.ts","事件分发器"
"GbzAudioManager.ts","音频管理"
"GbzCarMoveLayer.ts","车移动层"
"GbzLoseFullLayer.ts","失败满层"
"GbzFruitBookLayer.ts","水果图鉴层"
"GbzPropSpecialLayer.ts","特殊道具层"
"BaseEventDispatcher.ts","基础事件分发"
"FruitPositionCalculator.ts","水果位置计算器"
"AutoLightEffect.ts","自动光效"