"key","value","description"
"配置项","值","说明"
"engine","Cocos Creator 3.8.8","游戏引擎"
"platform","wechatgame","目标平台"
"designResolution","750x1334","设计分辨率"
"physicsEngine","Box2D (WASM)","物理引擎"
"gravity","(0, -10, 0)","重力"
"collisionGroup_fruit","1","水果碰撞组"
"collisionGroup_wall","2","墙壁碰撞组"
"collisionGroup_obst","3","障碍物碰撞组"
"collisionGroup_clickFruit","4","点击水果碰撞组"
"collisionGroup_guardrail","5","护栏碰撞组"
"collisionMatrix_0","19","碰撞矩阵组0"
"collisionMatrix_1","31","碰撞矩阵组1(fruit)"
"collisionMatrix_2","2","碰撞矩阵组2(wall)"
"collisionMatrix_3","18","碰撞矩阵组3(obst)"
"collisionMatrix_4","59","碰撞矩阵组4(clickFruit)"
"collisionMatrix_5","16","碰撞矩阵组5(guardrail)"
"halfGameWidth","375","游戏区域半宽"
"halfGameHeight","667","游戏区域半高"
"obstacleXRange","[-208, 208]","障碍物X范围"
"collisionBoundaryLeft","-475","碰撞边界左"
"collisionBoundaryRight","475","碰撞边界右"