"id","name"
"编号","名称"
"0","v3"
"1","v2"
"2","to"
"3","cc"
"4","on"
"5","lv"
"6","ID"
"7","wx"
"8","bg"
"9","PI"
"10","tt"
"11","as"
"12","dy"
"13","dx"
"14","苹果"
"15","id"
"16","hp"
"17","西瓜"
"18","葡萄"
"19","by"
"20","os"
"21","石榴"
"22","no"
"23","d1"
"24","m1"
"25","澳门"
"26","荔枝"
"27","db"
"28","in"
"29",": "
"30","香蕉"
"31","黄桃"
"32","台湾"
"33","空位"
"34","草莓"
"35","大枣"
"36","芒果"
"37","椰子"
"38","蜜瓜"
"39","蓝莓"
"40","枇杷"
"41","脐橙"
"42","冬枣"
"43","复活"
"44","ad"
"45","iv"
"46","成功"
"47","ax"
"48","ay"
"49","bx"
"50","柠檬"
"51","吉林"
"52","林芝"
"53","西藏"
"54","榴莲"
"55","杨梅"
"56","蜜桃"
"57","宁夏"
"58","青海"
"59","桑葚"
"60","包菜"
"61","南瓜"
"62","土豆"
"63","花菜"
"64","茄子"
"65","企鹅"
"66","小鸡"
"67","熊猫"
"68","狐狸"
"69","狮子"
"70","老虎"
"71","黑洞"
"72","水果"
"73","ri"
"74","北京"
"75","江苏"
"76","合肥"
"77","安庆"
"78","安徽"
"79","成都"
"80","四川"
"81","香梨"
"82","新疆"
"83","天津"
"84","三亚"
"85","海口"
"86","海南"
"87","蜜柚"
"88","福建"
"89","沙果"
"90","湖南"
"91","广东"
"92","广西"
"93","香港"
"94","绍兴"
"95","浙江"
"96","贵阳"
"97","安顺"
"98","贵州"
"99","莲雾"
"100","河北"
"101","兰州"
"102","天水"
"103","甘肃"
"104","河南"
"105","武汉"
"106","板栗"
"107","湖北"
"108","南昌"
"109","江西"
"110","西安"
"111","宝鸡"
"112","陕西"
"113","云南"
"114","上海"
"115","淄博"
"116","山东"
"117","重庆"
"118","太原"
"119","吕梁"
"120","山西"
"121","大连"
"122","沈阳"
"123","樱桃"
"124","辽宁"
"125","红杏"
"126","雪梨"
"127","桂圆"
"128","山楂"
"129","冬瓜"
"130","可颂"
"131","大蒜"
"132","山竹"
"133","曲奇"
"134","柿子"
"135","树莓"
"136","桃子"
"137","橘子"
"138","泡芙"
"139","洋葱"
"140","玉米"
"141","生姜"
"142","生菜"
"143","竹笋"
"144","苦瓜"
"145","荸荠"
"146","莲藕"
"147","菜心"
"148","菜瓜"
"149","葡挞"
"150","香菇"
"151","黄瓜"
"152","兔子"
"153","刺猬"
"154","博美"
"155","奶牛"
"156","松鼠"
"157","棕熊"
"158","橘猫"
"159","水母"
"160","河豚"
"161","海象"
"162","海兔"
"163","海星"
"164","海胆"
"165","海螺"
"166","海豚"
"167","海贝"
"168","海马"
"169","海龟"
"170","猴子"
"171","白鲸"
"172","章鱼"
"173","绵羊"
"174","羊驼"
"175","虎鲸"
"176","螃蟹"
"177","锦鲤"
"178","青蛙"
"179","鲨鱼"
"180","鹦鹉"
"181","黄牛"
"182","龙虾"
"183","未知"
"184"," %"
"185","消除"
"186","刷新"
"187","甜品"
"188","蔬菜"
"189","动物"
"190","糖果"
"191","自己"
"192","qg"
"193","fg"
"194","st"
"195","ti"
"196","ap"
"197","第一"
"198","pt"
"199",">="
"200","菇娘"
"201","大兴"
"202","平谷"
"203","大桃"
"204","南京"
"205","苏州"
"206","盐城"
"207","白果"
"208","芜湖"
"209","酥梨"
"210","苍溪"
"211","浦江"
"212","丑柑"
"213","和田"
"214","玉枣"
"215","徐堡"
"216","桑梓"
"217","琼中"
"218","绿橙"
"219","福州"
"220","厦门"
"221","泉州"
"222","芦柑"
"223","延边"
"224","舒兰"
"225","长沙"
"226","怀化"
"227","广州"
"228","深圳"
"229","珠海"
"230","贡柑"
"231","百色"
"232","融安"
"233","北流"
"234","武鸣"
"235","金桔"
"236","沃柑"
"237","拉萨"
"238","杭州"
"239","宁波"
"240","遵义"
"241","台北"
"242","台中"
"243","台南"
"244","高雄"
"245","凤梨"
"246","释迦"
"247","芭乐"
"248","承德"
"249","邯郸"
"250","民勤"
"251","金果"
"252","灵武"
"253","中卫"
"254","长枣"
"255","枸杞"
"256","郑州"
"257","洛阳"
"258","开封"
"259","荆州"
"260","襄阳"
"261","砂梨"
"262","宜春"
"263","广丰"
"264","蜜桔"
"265","渭南"
"266","富平"
"267","柿饼"
"268","西宁"
"269","民和"
"270","大理"
"271","昭通"
"272","大姚"
"273","核桃"
"274","马陆"
"275","南汇"
"276","奉贤"
"277","龙眼"
"278","济南"
"279","莱州"
"280","青岛"
"281","奉节"
"282","巫山"
"283","梁平"
"284","脆李"
"285","临汾"
"286","丹东"
"287","盘山"
"288","静海"
"289","茶淀"
"290","雪桃"
"291","潍坊"
"292","东营"
"293","哈密"
"294","黄山"
"295","昌平"
"296","通州"
"297","海淀"
"298","包头"
"299","铁岭"
"300","油桃"
"301","许昌"
"302","周口"
"303","南阳"
"304","屯门"
"305","沙田"
"306","元朗"
"307","昆明"
"308","普洱"
"309","柑橘"
"310","常德"
"311","邵阳"
"312","湘西"
"313","大同"
"314","秋柿"
"315","甜瓜"
"316","淮安"
"317","宿迁"
"318","金杏"
"319","汉中"
"320","随州"
"321","莆田"
"322","龙岩"
"323","三明"
"324","龙柚"
"325","文昌"
"326","邢台"
"327","清河"
"328","鸭梨"
"329","赣州"
"330","萍乡"
"331","甜柚"
"332","鲜枣"
"333","奉化"
"334","慈溪"
"335","普陀"
"336","松江"
"337","嘉定"
"338","蟠桃"
"339","南宁"
"340","玉林"
"341","永福"
"342","青梅"
"343","东莞"
"344","清远"
"345","中山"
"346","毕节"
"347","酥李"
"348","巴南"
"349","南岸"
"350","南充"
"351","内江"
"352","海东"
"353","鹿寨"
"354","长春"
"355","白桃"
"356","陇南"
"357","菠萝"
"358","柚子"
"359","=="
"360","sp"
"361","网格"
"362","第 "
"363"," 关"
"364","向右"
"365","向左"
"366","中间"
"367","小雪"
"368","海洋"
"369","分享"
"370","视频"
"371","胜利"
"372","失败"
"373","er"
"374","小猪"
"375","小猫"
"376","小狗"
"377","小鸟"
"378","小兔"
"379","小熊"
"380","小虎"
"381","小龙"
"382","小马"
"383","小羊"
"384","小猴"
"385","小鸭"
"386","小鱼"
"387","狼人"
"388","恐龙"
"389","凤凰"
"390","大象"
"391","河马"
"392","斑马"
"393","袋鼠"
"394","钟理"
"395","Li"
"396","Wu"
"397","小明"
"398","小红"
"399","小刚"
"400","小丽"
"401","小华"
"402","小强"
"403","小美"
"404","小杰"
"405","文静"
"406","建国"
"407","建军"
"408","爱国"
"409","爱民"
"410","志强"
"411","美丽"
"412","秀英"
"413","Bg"
"414","球球"
"415","ai"
"416","超过"
"417","[]"
"418","{}"
"419","MG"
"420","jd"
"421","别人"
"422","第二"
"423","第三"
"424",", "
"425","打乱"
"426","订阅"
"427"," 次"