"group","caseId","arrayIdx","radius","scale","particleType","radiusRaw","scaleRaw"
"配置组","条件值","数组索引","半径","缩放比例","粒子类型","半径原始值","缩放原始值"
"small","0","4","35.1","1","3","35.1","1"
"small","1","0","46","1","1","ro[99]","1"
"small","2","a","36.4","1","2","36.4","1"
"small","4","k","35.75","1","6","35.75","1"
"small","5","s","34.125","1","4","34.125","1"
"small","6","h","33.15","1","6","33.15","1"
"small","7","3","35.1","1","1",".65*ro[93]/2","1"
"small","8","p","33.15","1","5","33.15","1"
"small","9","9","36.4","1","2","36.4","1"
"small","10","2","30.225","1","2","30.225","1"
"small","u","g","36.725","1","6",".65*ro[240]/2","1"
"small","o","M","32.5","1","2","32.5","1"
"small","c","f","36.725","1","2","36.725","1"
"small","f","7","35.75","1","2","35.75","1"
"small","h","8","34.45","1","2","34.45","1"
"small","v","w","39","1","5","ro[105]","1"
"small","l","c","36.725","1","1",".65*ro[240]/2","1"
"small","b","10","36.4","1","6","36.4","1"
"small","d","o","39","1","6","ro[105]","1"
"small","k","l","30.55","1","2","30.55","1"
"small","m","5","34.775","1","2","34.775","1"
"small","p","v","38.025","1","1","38.025","1"
"small","a","u","33.475","1","1",".65*ro[241]/2","1"
"small","g","m","34.775","1","2","34.775","1"
"small","y","1","37.375","1","5","37.375","1"
"small","w","y","33.475","1","2",".65*ro[241]/2","1"
"small","M","d","33.475","1","6",".65*ro[241]/2","1"
"small","e[17]","6","36.4","1","6","36.4","1"
"small","e[13]","b","36.075","1","5","36.075","1"
"large","e","a","0","0.481635","4","ro[242]",".77*.9*.695"
"large","s","0","91","1","1","ro[243]","1"
"large","1","10","72","0.56295","4","ro[244]",".56295"
"large","7","f","0","0.481635","4","ro[242]",".77*.9*.695"
"large","v","o","85","0.5004","6","ro[245]",".8*.9*.695"
"large","l","b","75","0.519165","6","ro[246]",".519165"
"large","d","k","234","0.17375","1","ro[248]",".17375"
"large","9","3","78","0.5004","3","ro[82]",".8*.9*.695"
"large","m","8","75","0.5004","0","ro[246]",".8*.9*.695"
"large","2","u","82","0.51291","3","ro[249]",".51291"
"large","y","d","85","0.5004","4","ro[245]",".8*.9*.695"
"large","M","6","75","0.56295","4","ro[246]",".56295"
"large","o","1","77","0.51291","3","ro[250]",".51291"
"large","3","S","80","0.51291","2","ro[60]",".51291"
"large","0","m","81.5","0.51291","6","81.5",".51291"
"large","T","C","77","0.531675","2","ro[250]",".531675"
"large","4","5","75","0.531675","0","ro[246]",".531675"
"large","p","9","67.6","0.531675","0","67.6",".531675"
"large","b","c","85","0.5004","0","ro[245]",".8*.9*.695"
"large","c","M","70","0.52542","0","ro[71]",".52542"
"large","S","7","75","0.531675","0","ro[246]",".531675"
"large","A","2","80","0.47538","0","ro[60]",".47538"
"large","f","x","82.7","0.519165","4","82.7",".519165"
"large","u","I","0","0.48789","0","ro[242]",".48789"
"large","10","L","82","0.51291","4","ro[249]",".51291"
"large","_","y","72","0.56295","6","ro[244]",".56295"
"large","x","s","82","0.51291","1","ro[249]",".51291"
"large","L","p","75","0.531675","5","ro[246]",".531675"
"large","g","h","80","0.51291","1","ro[60]",".51291"
"large","h","v","85","0.481635","5","ro[245]",".77*.9*.695"
"large","R","g","82.7","0.47538","3","82.7",".47538"
"large","a","e","64.5","0.6255","3","64.5",".6255"
"large","8","4","78","0.4785075","2","ro[82]",".4785075"
"large","I","l","85","0.5004","0","ro[245]",".8*.9*.695"
"large","5","T","85.6","0.481635","2","85.6",".77*.9*.695"