"group","roIndex","value","description"
"组别","ro索引","值","说明"
"0","227","188","坐标组1 (ro[227-246])"
"0","228","139","坐标组1 (ro[227-246])"
"0","229","154","坐标组1 (ro[227-246])"
"0","230","157","坐标组1 (ro[227-246])"
"0","231","87","坐标组1 (ro[227-246])"
"0","232","177","坐标组1 (ro[227-246])"
"0","233","182","坐标组1 (ro[227-246])"
"0","234","184","坐标组1 (ro[227-246])"
"0","235","186","坐标组1 (ro[227-246])"
"0","236","106","坐标组1 (ro[227-246])"
"0","237","228","坐标组1 (ro[227-246])"
"0","238","213","坐标组1 (ro[227-246])"
"0","239","0","坐标组1 (ro[227-246])"
"0","240","113","坐标组1 (ro[227-246])"
"0","241","103","坐标组1 (ro[227-246])"
"0","242","0","坐标组1 (ro[227-246])"
"0","243","91","坐标组1 (ro[227-246])"
"0","244","72","坐标组1 (ro[227-246])"
"0","245","85","坐标组1 (ro[227-246])"
"0","246","75","坐标组1 (ro[227-246])"
"1","247","66","坐标组2 (ro[247-256])"
"1","248","234","坐标组2 (ro[247-256])"
"1","249","82","坐标组2 (ro[247-256])"
"1","250","77","坐标组2 (ro[247-256])"
"1","251","83","坐标组2 (ro[247-256])"
"1","252","180","坐标组2 (ro[247-256])"
"1","253","275","坐标组2 (ro[247-256])"
"1","254","347","坐标组2 (ro[247-256])"
"1","255","206","坐标组2 (ro[247-256])"
"1","256","164","坐标组2 (ro[247-256])"
"2","258","720","坐标组3 (ro[258-265])"
"2","259","356","坐标组3 (ro[258-265])"
"2","260","84550","坐标组3 (ro[258-265])"
"2","261","68","坐标组3 (ro[258-265])"
"2","262","54","坐标组3 (ro[258-265])"
"2","263","1731","坐标组3 (ro[258-265])"
"2","264","792","坐标组3 (ro[258-265])"
"2","265","6969679","坐标组3 (ro[258-265])"
"3","270","1257","坐标组4 (ro[270-277])"
"3","271","1244","坐标组4 (ro[270-277])"
"3","272","7912","坐标组4 (ro[270-277])"
"3","273","317","坐标组4 (ro[270-277])"
"3","274","ro[274]","坐标组4 (ro[270-277])"
"3","275","ro[275]","坐标组4 (ro[270-277])"
"3","276","ro[276]","坐标组4 (ro[270-277])"
"3","277","ro[277]","坐标组4 (ro[270-277])"