"level","targetCount","fruitTypeCount","downType","quistFlowerCount","holeCount","holeFruit","iceCount","scatterType","blockCount","ropeCount","fireCount","isWood","exchangeCount"
"关卡","目标消除数","水果种类数","掉落方向(0纵/1右/2左)","问号花","洞口","洞口水果数","冰块","散布类型","多边形","绳子数量","大火数量","树桩","交换次数"
"1","14","3","0","0","0","0","0","0","0","0","0","0","0"
"2","15","3","2","0","0","0","0","0","0","0","0","0","0"
"3","17","3","0","0","0","0","0","0","0","0","0","0","0"
"4","18","3","1","0","0","0","0","0","0","0","0","0","0"
"5","20","3","0","0","0","0","0","0","0","0","0","0","0"
"6","21","3","2","5","0","0","0","1","0","0","0","0","0"
"7","23","3","0","0","0","0","0","1","0","0","0","0","0"
"8","24","4","1","0","0","0","0","1","0","0","0","0","0"
"9","26","4","0","0","0","0","0","1","0","0","0","0","0"
"10","27","4","2","0","2","22","0","1","0","0","0","0","0"
"11","29","4","0","5","2","21","0","1","0","0","0","0","0"
"12","30","4","1","0","2","33","0","1","0","0","0","1","0"
"13","32","4","0","0","2","31","0","1","0","0","0","1","0"
"14","33","4","2","0","2","22","0","1","0","0","0","1","0"
"15","35","4","0","0","2","30","0","1","0","0","0","1","0"
"16","36","5","1","5","2","15","0","1","0","0","0","1","0"
"17","38","5","0","0","2","17","0","1","0","0","0","1","0"
"18","39","5","2","0","2","32","0","1","0","0","0","1","0"
"19","41","5","0","0","2","25","0","1","0","0","0","1","0"
"20","42","5","1","0","2","30","0","1","0","0","0","1","0"
"21","44","5","0","5","2","28","0","1","0","0","0","1","0"
"22","45","5","2","0","2","33","0","1","0","0","0","1","0"
"23","47","5","0","0","2","16","0","1","0","0","0","1","0"
"24","48","6","1","0","2","14","0","1","0","0","0","1","0"
"25","50","6","0","0","2","30","0","1","0","0","0","1","0"
"26","51","6","2","5","2","28","0","1","0","0","0","1","0"
"27","53","6","0","0","2","15","0","1","0","0","0","1","0"
"28","54","6","1","0","2","15","0","1","0","0","0","1","1"
"29","56","6","0","0","2","24","0","1","0","0","0","1","1"
"30","57","6","2","0","2","32","0","1","0","0","0","1","1"
"31","59","6","0","5","2","22","0","1","0","0","0","1","1"
"32","60","7","1","0","2","33","0","1","0","0","0","1","1"
"33","62","7","0","0","2","14","0","1","0","1","0","1","1"
"34","63","7","2","0","2","18","0","1","0","1","0","1","1"
"35","65","7","0","0","2","14","0","1","0","1","0","1","1"
"36","66","7","1","5","2","22","0","1","0","1","0","1","1"
"37","68","7","0","0","2","30","0","1","0","1","0","1","1"
"38","69","7","2","0","2","17","0","1","0","1","0","1","1"
"39","71","7","0","0","2","18","0","1","0","1","0","1","1"
"40","72","8","1","0","3","23","0","1","1","1","0","1","1"
"41","74","8","0","5","3","34","0","1","1","1","1","1","1"
"42","75","8","2","0","3","18","0","1","1","1","1","1","1"
"43","77","8","0","0","3","21","0","1","1","1","1","1","1"
"44","78","8","1","0","3","25","0","1","1","1","1","1","1"
"45","80","8","0","0","3","37","1","1","1","1","1","1","1"
"46","81","8","2","5","3","38","1","1","1","1","1","1","1"
"47","83","8","0","0","3","29","1","1","1","1","1","1","1"
"48","84","9","1","0","3","29","1","1","1","1","1","1","2"
"49","86","9","0","0","3","33","1","1","1","1","1","1","2"
"50","87","9","2","0","3","22","1","1","1","1","1","1","2"
"51","89","9","0","5","3","29","1","1","1","1","1","1","2"
"52","90","9","1","0","3","20","1","1","1","1","1","1","2"
"53","92","9","0","0","3","29","1","1","1","1","1","1","2"
"54","93","9","2","0","3","29","1","1","1","1","1","1","2"
"55","95","9","0","0","3","35","1","1","1","1","1","1","2"
"56","96","10","1","5","3","35","1","1","1","1","1","1","2"
"57","98","10","0","0","3","34","1","1","1","1","1","1","2"
"58","99","10","2","0","3","36","1","1","1","2","1","1","2"
"59","101","10","0","0","3","25","1","1","1","2","1","1","2"
"60","102","10","1","0","3","18","2","1","2","2","1","1","2"
"61","104","10","0","5","3","33","2","1","2","2","1","1","2"
"62","105","10","2","0","3","29","2","1","2","2","1","1","2"
"63","107","10","0","0","3","26","2","1","2","2","1","1","2"
"64","108","11","1","0","3","18","2","1","2","2","1","1","2"
"65","110","11","0","0","3","26","2","1","2","2","1","1","2"
"66","111","11","2","5","3","37","2","1","2","2","1","1","2"
"67","113","11","0","0","3","36","2","1","2","2","1","1","2"
"68","114","11","1","0","3","28","2","1","2","2","1","1","3"
"69","116","11","0","0","3","26","2","1","2","2","1","1","3"
"70","117","11","2","0","4","34","2","1","2","2","1","1","3"
"71","119","11","0","5","4","30","2","1","2","2","2","1","3"
"72","120","12","1","0","4","31","2","1","2","2","2","1","3"
"73","122","12","0","0","4","41","2","1","2","2","2","1","3"
"74","123","12","2","0","4","27","2","1","2","2","2","1","3"
"75","125","12","0","0","4","39","3","1","2","2","2","1","3"
"76","126","12","1","5","4","25","3","1","2","2","2","1","3"
"77","128","12","0","0","4","31","3","1","2","2","2","1","3"
"78","129","12","2","0","4","26","3","1","2","2","2","1","3"
"79","131","12","0","0","4","22","3","1","2","2","2","1","3"
"80","132","13","1","0","4","37","3","1","3","2","2","1","3"
"81","134","13","0","5","4","35","3","1","3","2","2","1","3"
"82","135","13","2","0","4","39","3","1","3","2","2","1","3"
"83","137","13","0","0","4","22","3","1","3","3","2","1","3"
"84","138","13","1","0","4","37","3","1","3","3","2","1","3"
"85","140","13","0","0","4","41","3","1","3","3","2","1","3"
"86","141","13","2","5","4","37","3","1","3","3","2","1","3"
"87","143","13","0","0","4","34","3","1","3","3","2","1","3"
"88","144","14","1","0","4","24","3","1","3","3","2","1","4"
"89","146","14","0","0","4","34","3","1","3","3","2","1","4"
"90","147","14","2","0","4","34","4","1","3","3","2","1","4"
"91","149","14","0","5","4","25","4","1","3","3","2","1","4"
"92","150","14","1","0","4","33","4","1","3","3","2","1","4"
"93","152","14","0","0","4","41","4","1","3","3","2","1","4"
"94","153","14","2","0","4","27","4","1","3","3","2","1","4"
"95","155","14","0","0","4","40","4","1","3","3","2","1","4"
"96","156","15","1","5","4","42","4","1","3","3","2","1","4"
"97","158","15","0","0","4","24","4","1","3","3","2","1","4"
"98","159","15","2","0","4","22","4","1","3","3","2","1","4"
"99","161","15","0","0","4","27","4","1","3","3","2","1","4"
"100","162","15","1","0","4","38","4","1","4","3","2","1","4"
"101","164","15","0","5","4","25","4","1","4","3","3","1","4"
"102","165","15","2","0","4","42","4","1","4","3","3","1","4"
"103","167","15","0","0","4","28","4","1","4","3","3","1","4"
"104","168","16","1","0","4","33","4","1","4","3","3","1","4"
"105","170","16","0","0","4","23","5","1","4","3","3","1","4"
"106","171","16","2","5","4","39","5","1","4","3","3","1","4"
"107","173","16","0","0","4","29","5","1","4","3","3","1","4"
"108","174","16","1","0","4","36","5","1","4","4","3","1","5"
"109","176","16","0","0","4","37","5","1","4","4","3","1","5"
"110","177","16","2","0","4","25","5","1","4","4","3","1","5"
"111","179","16","0","5","4","28","5","1","4","4","3","1","5"
"112","180","17","1","0","4","39","5","1","4","4","3","1","5"
"113","182","17","0","0","4","26","5","1","4","4","3","1","5"
"114","183","17","2","0","4","23","5","1","4","4","3","1","5"
"115","185","17","0","0","4","37","5","1","4","4","3","1","5"
"116","186","17","1","5","4","27","5","1","4","4","3","1","5"
"117","188","17","0","0","4","36","5","1","4","4","3","1","5"
"118","189","17","2","0","4","23","5","1","4","4","3","1","5"
"119","191","17","0","0","4","39","5","1","4","4","3","1","5"
"120","192","18","1","0","4","32","6","1","5","4","3","1","5"
"121","194","18","0","5","4","24","6","1","5","4","3","1","5"
"122","195","18","2","0","4","40","6","1","5","4","3","1","5"
"123","197","18","0","0","4","38","6","1","5","4","3","1","5"
"124","198","18","1","0","4","32","6","1","5","4","3","1","5"
"125","200","18","0","0","4","23","6","1","5","4","3","1","5"
"126","200","18","2","5","4","38","6","1","5","4","3","1","5"
"127","200","18","0","0","4","38","6","1","5","4","3","1","5"
"128","200","19","1","0","4","26","6","1","5","4","3","1","6"
"129","200","19","0","0","4","37","6","1","5","4","3","1","6"
"130","200","19","2","0","4","26","6","1","5","4","3","1","6"
"131","200","19","0","5","4","29","6","1","5","4","4","1","6"
"132","200","19","1","0","4","33","6","1","5","4","4","1","6"
"133","200","19","0","0","4","35","6","1","5","5","4","1","6"
"134","200","19","2","0","4","22","6","1","5","5","4","1","6"
"135","200","19","0","0","4","32","7","1","5","5","4","1","6"
"136","200","20","1","5","4","42","7","1","5","5","4","1","6"
"137","200","20","0","0","4","28","7","1","5","5","4","1","6"
"138","200","20","2","0","4","33","7","1","5","5","4","1","6"
"139","200","20","0","0","4","40","7","1","5","5","4","1","6"
"140","200","20","1","0","4","31","7","1","6","5","4","1","6"
"141","200","20","0","5","4","26","7","1","6","5","4","1","6"
"142","200","20","2","0","4","36","7","1","6","5","4","1","6"
"143","200","20","0","0","4","22","7","1","6","5","4","1","6"
"144","200","21","1","0","4","39","7","1","6","5","4","1","6"
"145","200","21","0","0","4","37","7","1","6","5","4","1","6"
"146","200","21","2","5","4","24","7","1","6","5","4","1","6"
"147","200","21","0","0","4","27","7","1","6","5","4","1","6"
"148","200","21","1","0","4","37","7","1","6","5","4","1","7"
"149","200","21","0","0","4","31","7","1","6","5","4","1","7"
"150","200","21","2","0","4","22","8","1","6","5","4","1","7"
"151","200","21","0","5","4","39","8","1","6","5","4","1","7"
"152","200","22","1","0","4","36","8","1","6","5","4","1","7"
"153","200","22","0","0","4","42","8","1","6","5","4","1","7"
"154","200","22","2","0","4","23","8","1","6","5","4","1","7"
"155","200","22","0","0","4","23","8","1","6","5","4","1","7"
"156","200","22","1","5","4","38","8","1","6","5","4","1","7"
"157","200","22","0","0","4","30","8","1","6","5","4","1","7"
"158","200","22","2","0","4","28","8","1","6","5","4","1","7"
"159","200","22","0","0","4","36","8","1","6","5","4","1","7"
"160","200","23","1","0","4","22","8","1","7","5","4","1","7"
"161","200","23","0","5","4","28","8","1","7","5","5","1","7"
"162","200","23","2","0","4","30","8","1","7","5","5","1","7"
"163","200","23","0","0","4","25","8","1","7","5","5","1","7"
"164","200","23","1","0","4","37","8","1","7","5","5","1","7"
"165","200","23","0","0","4","23","9","1","7","5","5","1","7"
"166","200","23","2","5","4","36","9","1","7","5","5","1","7"
"167","200","23","0","0","4","33","9","1","7","5","5","1","7"
"168","200","24","1","0","4","37","9","1","7","5","5","1","8"
"169","200","24","0","0","4","37","9","1","7","5","5","1","8"