"tableIndex","subIndex","paramName","description"
"表索引","子索引","参数名","说明"
"5","8","randomN","随机次数"
"7","3","num10Base","基数10基准值"
"7","4","num30Base","基数30基准值"
"7","9","lv7Config","关卡范围配置"
"7","10","fruitType","水果类型"
"7","11","randomMin","随机最小值"
"7","13","lv4Config","关卡范围配置"
"7","14","lv8Config","关卡范围配置"
"7","15","lv9Config","关卡范围配置"
"7","38","lv2Config","关卡范围配置"
"7","72","holeCount","黑洞数量"
"7","75","lv6Config","关卡范围配置"
"8","2","num100Add2","100基础增加值2"
"8","3","num100Add1","100基础增加值1"
"8","9","randomBase","随机基准值"
"8","13","fruitScale","水果缩放比例"
"9","7","lastTypeMin","上一类型最小值"
"10","2","lastMultiple","上次倍率"
"11","1","lastTypeScale","上一类型缩放"
"12","6","challengeCount","挑战次数"