"id","caseId","radius","scale","particleType"
"编号","条件值","半径","缩放比例","粒子类型"
"0","e","0","0.481635","4"
"1","s","91","1","1"
"2","1","72","0.56295","4"
"3","7","0","0.481635","4"
"4","v","85","0.5004","6"
"5","l","75","0.519165","6"
"6","d","234","0.17375","1"
"7","9","78","0.5004","3"
"8","m","75","0.5004","0"
"9","2","82","0.51291","3"
"10","y","85","0.5004","4"
"11","M","75","0.56295","4"
"12","o","77","0.51291","3"
"13","3","80","0.51291","2"
"14","0","81.5","0.51291","6"
"15","T","77","0.531675","2"
"16","4","75","0.531675","0"
"17","p","67.6","0.531675","0"
"18","b","85","0.5004","0"
"19","c","70","0.52542","0"
"20","S","75","0.531675","0"
"21","A","80","0.47538","0"
"22","f","82.7","0.519165","4"
"23","u","0","0.48789","0"
"24","10","82","0.51291","4"
"25","_","72","0.56295","6"
"26","x","82","0.51291","1"
"27","L","75","0.531675","5"
"28","g","80","0.51291","1"
"29","h","85","0.481635","5"
"30","R","82.7","0.47538","3"
"31","a","64.5","0.6255","3"
"32","8","78","0.4785075","2"
"33","I","85","0.5004","0"
"34","5","85.6","0.481635","2"