"index","value","description"
"索引","值","说明"
"0","13","11-35的置换(洗牌顺序表)"
"1","22","11-35的置换(洗牌顺序表)"
"2","19","11-35的置换(洗牌顺序表)"
"3","11","11-35的置换(洗牌顺序表)"
"4","17","11-35的置换(洗牌顺序表)"
"5","31","11-35的置换(洗牌顺序表)"
"6","21","11-35的置换(洗牌顺序表)"
"7","28","11-35的置换(洗牌顺序表)"
"8","26","11-35的置换(洗牌顺序表)"
"9","14","11-35的置换(洗牌顺序表)"
"10","35","11-35的置换(洗牌顺序表)"
"11","34","11-35的置换(洗牌顺序表)"
"12","32","11-35的置换(洗牌顺序表)"
"13","30","11-35的置换(洗牌顺序表)"
"14","23","11-35的置换(洗牌顺序表)"
"15","24","11-35的置换(洗牌顺序表)"
"16","18","11-35的置换(洗牌顺序表)"
"17","29","11-35的置换(洗牌顺序表)"
"18","25","11-35的置换(洗牌顺序表)"
"19","20","11-35的置换(洗牌顺序表)"
"20","27","11-35的置换(洗牌顺序表)"
"21","33","11-35的置换(洗牌顺序表)"
"22","16","11-35的置换(洗牌顺序表)"
"23","15","11-35的置换(洗牌顺序表)"
"24","12","11-35的置换(洗牌顺序表)"