"roIndex","name","value","description"
"ro索引","常量名","值","说明"
"41","TIME_3S","50","3秒(毫秒)"
"42","TIME_2S","2967","2秒(毫秒)"
"48","TIMEOUT_1278","56","超时1278毫秒"
"49","TIME_600MS","1264","0.6秒(毫秒)"
"50","TIME_60","594","60秒/帧"
"51","TIME_1HOUR_MS","60","1小时(毫秒)"
"52","TIME_1MIN_MS","3488800","1分钟(毫秒)"
"53","TIME_1S_MS","58711","1秒(毫秒)"
"68","TIME_1800S","65","30分钟(秒)"
"72","TIME_5S_MS","495","5秒(毫秒)"
"73","TIME_50S","4945","50秒"
"77","TIME_10S_MS","138","10秒(毫秒)"
"87","TIME_6S_MS","200","6秒(毫秒)"
"94","TIME_30S_MS","396","30秒(毫秒)"
"95","TIME_1HOUR_S","29400","1小时(秒)"
"278","TIME_1DAY_S","ro[278]","1天(秒)"
"282","TIME_2HOUR_MS","ro[282]","2小时(毫秒)"