"id","define"
"编号","定义标识"
"100001","Adventure1"
"100002","Adventure2"
"100003","Adventure3"
"100004","Adventure4"
"100005","Adventure5"
"100006","Adventure6"
"200001","Puzzle1"
"200002","Puzzle2"
"200003","Puzzle3"
"200004","Puzzle4"
"200005","Puzzle5"
"200006","Puzzle6"
"300001","Drop1"
"300002","Drop2"
"300003","Drop3"
"300004","Drop4"
"300005","Drop5"
"300006","Drop6"
"400001","Classic1"
"400002","Classic2"
"400003","Classic3"
"400004","Classic4"
"500001","Daily1"
"500002","Daily2"
"500003","Daily3"
"500004","Daily4"
"500005","Daily5"
"500006","Daily6"
