"id","define","type","share","action","sdkSceneId"
"编号","定义标识","类型","分享","动作","SDK场景ID"
"1","VideoAdventure","1","1","100001","1"
"2","VideoPuzzle","1","1","200001","2"
"3","VideoDrop","1","1","300001","3"
"4","VideoDaily","1","1","500001","4"
"5","VideoClassic","1","1","400001","5"
"6","VideoItem1","1","1","","6"
"7","VideoItem2","1","1","","7"
"8","VideoItem3","1","1","","8"
"9","VideoItem4","1","1","","9"
"10","VideoAdventureDialog","2","","","10"
"11","VideoPuzzleDialog","2","","","11"
"12","VideoDropDialog","2","","","12"
"13","VideoDailyDialog","2","","","13"
"14","VideoClassicDialog","2","","","14"
"15","VideoAdventureRevive","1","","","15"
"16","VideoPuzzleRevive","1","","","16"
"17","VideoDropRevive","1","","","17"
"18","VideoDailyRevive","1","","","18"
"19","VideoClassicRevive","1","","","19"
"20","VideoCollect","1","","","20"
"21","VideoRefresh","1","","","21"
"22","VideoUnlockBox1","1","","","22"
"23","VideoUnlockBox2","1","","","23"
"24","VideoRevive","1","","","24"
"25","VideoBoosterCollect","1","","","25"
"26","VideoBoosterUnlock","1","","","26"
"27","VideoUnlockBoxAgain","1","","","27"
"28","VideoUnlockActive","1","","","28"
"29","VideoAgain","1","","","29"
"30","VideoSingleUnlock","1","","","30"
"31","VideoUnlockBarbecue","1","","","31"
"32","VideoUnlockChallenge","1","","","32"
"33","VideoDailyTaskSignIn","1","","","33"
