"id","point","time","speed","group"
"编号","分数阈值","下落间隔(ms)","速度","可用方块组"
"1","0","350","1000","1, 2, 3, 4, 5, 6, 7, 8, 9, 10"
"2","100","350","1000","1, 2, 3, 4, 5, 6, 7, 8, 9, 10"
"3","250","350","950","1, 2, 3, 4, 5, 6, 7, 8, 9, 10"
"4","500","350","900","1, 2, 3, 4, 5, 6, 7, 8, 9, 10"
"5","750","350","850","1, 2, 3, 4, 5, 6, 7, 8, 9, 10"
"6","1000","350","800","1, 2, 3, 4, 5, 6, 7, 8, 9, 10"
"7","1500","350","750","1, 2, 3, 4, 5, 6, 7, 8, 9, 10"
"8","2000","350","700","1, 2, 3, 4, 5, 6, 7, 8, 9, 10"
"9","2500","350","650","1, 2, 3, 4, 5, 6, 7, 8, 9, 10"
"10","3000","350","600","1, 2, 3, 4, 5, 6, 7, 8, 9, 10"
"11","3500","300","550","1, 2, 3, 4, 5, 6, 7, 8, 9, 10"
"12","4000","300","500","1, 2, 3, 4, 5, 6, 7, 8, 9, 10"
"13","4500","300","500","1, 2, 3, 4, 5, 6, 7, 8, 9, 10"
"14","5000","300","500","1, 2, 3, 4, 5, 6, 7, 8, 9, 10"
"15","6000","250","480","1, 2, 3, 4, 5, 6, 7, 8, 9, 10"
"16","7000","200","460","1, 2, 3, 4, 5, 6, 7, 8, 9, 10"
"17","8000","150","440","1, 2, 3, 4, 5, 6, 7, 8, 9, 10"
"18","9000","100","420","1, 2, 3, 4, 5, 6, 7, 8, 9, 10"
"19","10000","100","400","1, 2, 3, 4, 5, 6, 7, 8, 9, 10"
"20","11000","100","380","1, 2, 3, 4, 5, 6, 7, 8, 9, 10"
"21","12000","100","360","1, 2, 3, 4, 5, 6, 7, 8, 9, 10"
"22","13000","100","340","1, 2, 3, 4, 5, 6, 7, 8, 9, 10"
"23","14000","100","320","1, 2, 3, 4, 5, 6, 7, 8, 9, 10"
"24","15000","100","300","1, 2, 3, 4, 5, 6, 7, 8, 9, 10"
"25","16000","100","280","1, 2, 3, 4, 5, 6, 7, 8, 9, 10"
"26","17000","100","260","1, 2, 3, 4, 5, 6, 7, 8, 9, 10"
"27","18000","100","240","1, 2, 3, 4, 5, 6, 7, 8, 9, 10"
"28","19000","100","220","1, 2, 3, 4, 5, 6, 7, 8, 9, 10"
"29","20000","100","200","1, 2, 3, 4, 5, 6, 7, 8, 9, 10"
"30","21000","100","180","1, 2, 3, 4, 5, 6, 7, 8, 9, 10"
"31","22000","100","160","1, 2, 3, 4, 5, 6, 7, 8, 9, 10"
"32","23000","100","140","1, 2, 3, 4, 5, 6, 7, 8, 9, 10"
"33","24000","100","120","1, 2, 3, 4, 5, 6, 7, 8, 9, 10"
"34","25000","100","100","1, 2, 3, 4, 5, 6, 7, 8, 9, 10"
