"id","point","speed","guide","group","img"
"编号","分数阈值","速度","引导文案","可用方块组","图片资源"
"1","0","3","向下划动 | 落下方块","3, 5, 9, 12",""
"2","10","3","左右划动 | 移动方块","3, 5, 9, 12",""
"3","120","4","单击屏幕 | 方块变形","1, 2, 3, 4, 5, 6","Txt_010"
"4","240","5","","1, 2, 3, 4, 5, 6",""
"5","360","6","","1, 2, 3, 4, 5, 6, 7, 8","Txt_010"
"6","480","6","","1, 2, 3, 4, 5, 6, 7, 8",""
"7","600","7","","1, 2, 3, 4, 5, 6, 7, 8, 9, 10, 11",""
"8","720","7","","1, 2, 3, 4, 5, 6, 7, 8, 9, 10, 11","Txt_010"
"9","840","8","","1, 2, 3, 4, 5, 6, 7, 8, 9, 10, 11, 12, 13, 14",""
"10","960","8","","1, 2, 3, 4, 5, 6, 7, 8, 9, 10, 11, 12, 13, 14",""
"11","1000","9","","1, 2, 3, 4, 5, 6, 7, 8, 9, 10, 11, 12, 13, 14","Txt_010"
"12","2000","10","","1, 2, 3, 4, 5, 6, 7, 8, 9, 10, 11, 12, 13, 14",""
"13","3000","12","","1, 2, 3, 4, 5, 6, 7, 8, 9, 10, 11, 12, 13, 14","Txt_010"
"14","4000","14","","1, 2, 3, 4, 5, 6, 7, 8, 9, 10, 11, 12, 13, 14",""
"15","5000","16","","1, 2, 3, 4, 5, 6, 7, 8, 9, 10, 11, 12, 13, 14","Txt_010"
"16","6000","18","","1, 2, 3, 4, 5, 6, 7, 8, 9, 10, 11, 12, 13, 14",""
"17","7000","20","","1, 2, 3, 4, 5, 6, 7, 8, 9, 10, 11, 12, 13, 14",""
"18","8000","22","","1, 2, 3, 4, 5, 6, 7, 8, 9, 10, 11, 12, 13, 14",""
"19","9000","24","","1, 2, 3, 4, 5, 6, 7, 8, 9, 10, 11, 12, 13, 14",""
"20","10000","26","","1, 2, 3, 4, 5, 6, 7, 8, 9, 10, 11, 12, 13, 14","Txt_010"
"21","12000","28","","1, 2, 3, 4, 5, 6, 7, 8, 9, 10, 11, 12, 13, 14",""
"22","14000","30","","1, 2, 3, 4, 5, 6, 7, 8, 9, 10, 11, 12, 13, 14","Txt_010"
"23","16000","32","","1, 2, 3, 4, 5, 6, 7, 8, 9, 10, 11, 12, 13, 14",""
"24","18000","34","","1, 2, 3, 4, 5, 6, 7, 8, 9, 10, 11, 12, 13, 14","Txt_010"
"25","20000","36","","1, 2, 3, 4, 5, 6, 7, 8, 9, 10, 11, 12, 13, 14",""
"26","22000","38","","1, 2, 3, 4, 5, 6, 7, 8, 9, 10, 11, 12, 13, 14","Txt_010"
"27","24000","40","","1, 2, 3, 4, 5, 6, 7, 8, 9, 10, 11, 12, 13, 14",""
"28","26000","42","","1, 2, 3, 4, 5, 6, 7, 8, 9, 10, 11, 12, 13, 14",""
"29","28000","44","","1, 2, 3, 4, 5, 6, 7, 8, 9, 10, 11, 12, 13, 14","Txt_010"
"30","30000","46","","1, 2, 3, 4, 5, 6, 7, 8, 9, 10, 11, 12, 13, 14",""
"31","40000","48","","1, 2, 3, 4, 5, 6, 7, 8, 9, 10, 11, 12, 13, 14","Txt_010"
"32","50000","50","","1, 2, 3, 4, 5, 6, 7, 8, 9, 10, 11, 12, 13, 14",""
"33","60000","52","","1, 2, 3, 4, 5, 6, 7, 8, 9, 10, 11, 12, 13, 14","Txt_011"
