"id","name","color","radius","write","offsetX","offsetY","points"
"编号","名称","颜色","半径","描述文案","X偏移","Y偏移","碰撞器顶点(多边形)"
"1001","杏鲍菇","2","41","肥厚杏鲍菇，吸满汤汁，菌香浓郁","0","-1","0.21 41.3 | -22.52 35.96 | -35.8 21.1 | -31.1 -29.6 | -16.15 -41.28 | 19.6 -40.8 | 31.7 -29 | 38 19.5 | 25.2 35.3"
"1002","紫皮洋葱","3","40","紫皮洋葱！提鲜解腻好搭档！","0","0","-3.34 37.47 | -30.5 16 | -41.4 -8.4 | -32.8 -30.4 | -14 -40.7 | 21.9 -39.7 | 40.4 -19.4 | 39 3.5 | 6.7 39"
"1003","八角","4","40","八角增香，火锅汤底的风味密码","0","0","-1 39.81 | -28.28 30.79 | -41.2 2.2 | -29.72 -27.68 | -0.48 -40.78 | 28.8 -32 | 40.2 -3.8 | 28.4 25.6"
"1004","年糕","2","40","Q弹年糕，吸饱麻辣，越嚼越香","0","0",""
"1005","红萝卜","4","40","要解辣吗？吃点红萝卜！","0","0","-4.3 40.9 | -16.4 36.4 | -37.42 6.4 | -36.7 -14.7 | -27.9 -30 | -11 -38.5 | 17.7 -40.5 | 36.8 -13.4 | 37.7 4.4 | 29.7 20.5"
"1006","红彩椒","4","40","爽脆红彩椒，色彩诱人，辣中带甜","0","0","6.4 40.6 | -31.02 24.51 | -36.7 12.2 | -31.8 -28.7 | -15.9 -39.8 | 14.9 -40.2 | 27.7 -33.1 | 36.5 -1.7 | 35.9 17.2 | 13.8 36.7"
"1007","玉米段","2","40","香甜玉米，暖胃又暖心","0","0","-26.9 35.4 | -39.4 27.9 | -38.2 -28.2 | -21.8 -37.9 | 24.37 -38.64 | 38.8 -28.4 | 40.4 28 | 22.8 37.5"
"1008","西葫芦","1","40","鲜嫩西葫芦，久煮不烂","0","0","-16.9 -38.8 | 14.6 -39.6 | 33.3 -23.2 | 36.7 18.5 | 27.4 33.2 | 9.8 40 | -13.7 40 | -33.4 25 | -36.3 -21.8"
"1009","鸭血","4","40","嫩滑鸭血，七上八下","0","0","40.5 -23.6 | 40.3 22.4 | -0.3 41.8 | -40.6 23.6 | -40.8 -22.8 | -0.5 -42.6"
"1010","大蒜","2","40","大蒜提味，杀菌开胃","0","0","21.4 -38.1 | 39.4 -24.2 | 40.5 0.4 | 7.2 40 | -6.6 40.3 | -41 0.6 | -39.7 -22.5 | -21.6 -37.9"
"1011","青瓜","1","40","脆爽青瓜，入口即化","0","0","-5.4 -41.9 | 33.7 -20.1 | 42.1 2.5 | 36.5 21.7 | 25.4 35.5 | 9.1 40.8 | -31.8 26.5 | -39.3 15.7 | -39.2 -15.4 | -25.2 -33.9"
"1012","莲藕","2","40","粉糯莲藕，解腻清口","0","0",""
"1013","土豆","2","40","绵软土豆，快速熟透","0","0",""
"1014","包菜","1","40","清甜包菜，煮至入味","0","0",""
"1015","紫甘蓝","3","40","脆爽紫甘蓝，下锅脆生生","0","0",""
"1016","生蚝","2","40","肥嫩大生蚝，一口鲜","0","0","31.4 -34.8 | 47 -12.4 | 31.2 18.7 | -22.7 36.7 | -35.1 28.6 | -43.1 0.8 | -21.5 -31.5"
"1017","鲍鱼","2","40","鲍鱼入味，鲜香味美","0","0","21.4 -35.8 | 40.9 -1.8 | 35.8 30.8 | 10.1 42.9 | -22.8 29.9 | -38.5 10.5 | -41.7 -15.8 | -24 -40"
"1018","毛肚","2","40","脆爽毛肚，七上八下，火锅灵魂","0","0","42.4 -14.3 | 42.4 11.9 | -10.1 38.3 | -29.1 28.4 | -42.3 9.2 | -40.7 -12.4 | 6.3 -38.1 | 31.5 -29.2"
"1019","蟹黄包","2","40","爆浆蟹黄包，一口流心","0","0","41.9 -18.8 | 38 11.8 | -3.8 41.2 | -41.2 0.7 | -39.6 -25.7 | -20.1 -39.6 | 10.3 -41 | 32.8 -31.2"
"1020","鱼籽福袋","2","40","咬开福袋，福气满堂","0","0","39.4 7.6 | 0.9 43.5 | -33 34.2 | -41.2 -21.8 | -34.9 -42.8 | 20.5 -43.1 | 43.5 -21.1"
"1021","肉片","4","40","鲜嫩肉片，快速涮熟，口感细腻","0","0","43.2 9.8 | 33.1 27.7 | -23.2 34.6 | -42.3 19.3 | -41.7 -23.1 | -23.9 -36.8 | 41.9 -22.7"
"1022","鱼板","3","40","鱼板味美，久煮不烂","0","0",""
"1023","三文鱼片","4","40","嫩滑三文鱼，几秒即食，鲜到极致","0","0","40.3 27.1 | 16.7 35.8 | -18.7 38.5 | -42.2 12.1 | -40.2 -21.1 | -10.9 -38.2 | 18.6 -36.1 | 40.1 -17.8"
"1024","木耳","4","40","脆弹小木耳，吸满红油汁","0","0","-9 -37.7 | 40.5 -9.6 | 43.9 8.5 | 30.9 28.9 | 4.7 35 | -22.9 24.9 | -44.8 -13.5 | -33.7 -33"
"1025","牛肉丸","2","40","弹牙牛肉丸，爆汁口感","0","0",""
"1026","虾仁","4","40","鲜爽虾仁，皮皮虾我们走","0","0",""
"1027","海带结","1","40","海带结涮完超入味","0","0","40.8 -26.5 | 38.6 24.6 | -40.4 24.9 | -39.4 -20.5"
"1028","肥牛卷","4","40","吃一片雪花肥牛卷，今年牛气冲天","0","0","44.2 -5.8 | 39.2 17.9 | -15.7 39.7 | -33.1 29.1 | -44.1 6.4 | -40.2 -14 | 6.5 -39.4 | 31.1 -28.2"
"1029","鱼豆腐","2","40","Q弹鱼豆腐，百搭食材","0","0","40.2 -21.7 | 41 26.6 | -1.1 43.6 | -40 24.4 | -40.7 -25.9 | 2.5 -43.4"
"1030","香菇","2","40","香菇青菜，换谁都爱","0","0",""
"1031","猪血","4","40","滑嫩如豆腐，火锅毛血旺灵魂","0","0",""
"1032","菠菜","1","40","大力水手同款，满口春天清新感","0","0",""
"1033","油条","2","40","外酥里嫩，豆浆的黄金搭档","0","0",""
"1034","奶酪","2","40","浓郁拉丝，一口沦陷的纯粹奶香","0","0",""
"1035","紫薯","3","40","高颜值粗粮，细腻软糯带点甜","0","0",""
"1036","番茄","4","40","酸甜多汁，水果蔬菜百搭王","0","0",""
"1101","金玉白菜","1","40","翠绿白菜，金光闪闪福气来","0","0","-12.2 -44.2 | 38.6 -13.1 | 41.9 21.3 | 14.9 40.8 | -4.8 42.3 | -27.4 25.8 | -41.7 -14.6 | -34.4 -37.4"
"1102","红钻龙虾","4","40","红若火钻，鲜美无比的奢华享受","0","0","7.3 -38.4 | 7.1 -14 | 40.2 12.8 | 40 27.6 | 31.6 36.6 | 16.5 44.2 | -3.5 38.6 | -21.6 22.9 | -41.2 -19.9 | -34.4 -37.4 | -14 -42.7"
"1103","紫晶茄子","3","40","紫如水晶，柔嫩多汁好入味","0","0","7.3 -38.4 | 18.2 -21.7 | 34.7 5.4 | 36.6 23.4 | 33.2 39 | 3.8 25.7 | -32.3 -6.3 | -36.2 -14.6 | -34.9 -33.2 | -14 -42.7"
"2001","荔枝","4","40","剥开薄壳，晶莹剔透满口甜","0","0",""
"2002","无花果","3","39","软糯甘甜，自带低调的小清香","0","-5.3","-38 -19 | -21 -41 | 15 -42 | 36 -25 | 39 -6 | 27 21 | 1 40 | -22 27 | -35 6"
"2003","杨桃","2","40","切开是星星，吃下是满口清脆","-0.8","-2.3","-32 -34 | 19 -40 | 41 2 | 7 37 | -39 14"
"2004","圣女果","4","40","爆汁小番茄，酸甜可口解油腻","1","-3","-37 -19 | -15 -41 | 18 -39 | 34 -23 | 38 -1 | 31 26 | 7 41 | -19 35 | -38 10"
"2005","释迦果","1","39","绵密如冰淇淋，甜到心坎里","1","-4","-36 -16 | -23 -37 | 13 -44 | 35 -25 | 39 3 | 28 26 | 8 39 | -22 27 | -35 6"
"2006","樱桃","4","39","红润娇艳，一口一粒小甜心","0","0",""
"2007","杨梅","4","40","酸甜多汁，盛夏里的一抹生津","0","0",""
"2008","青柠","1","40","满眼清新，酸爽解腻的百搭王","1","-6","-30 -24 | -9 -41 | 21 -42 | 36 -15 | 30 13 | 4 41 | -17 32 | -34 2"
"2009","牛油果","1","40","细腻丝滑，健康生活的好搭档","-0.5","-8","-30 -24 | -13 -41 | 12 -43 | 31 -28 | 31 -4 | 4 20 | 17 31 | 4 41 | -24 31 | -28 15"
"2010","莲雾","4","39","清甜多汁，一口咬下清爽解渴","-3","-4","-39 -25 | -21 -44 | 19 -37 | 30 -26 | 39 -9 | 34 10 | 0 33 | -19 35 | -30 21"
"2011","榴莲","2","40","闻着臭吃着香，果中之王就是它","1","-2",""
"2012","红苹果","4","40","爽脆红苹果，平平安安常相伴","1","-3",""
"2013","香蕉","2","40","软糯香甜，随时随地补充能量","0","0","-10 -40 | 21 -36 | 42 -10 | 39 18 | 41 33 | 17 41 | 7 25 | -40 13 | -37 -15"
"2014","番石榴","1","40","清脆爽口，独特的果香绕舌尖","1","-2",""
"2015","油桃","1","40","皮肤光滑，脆甜多汁停不下来","1","0",""
"2016","树莓","4","42","酸甜小浆果，颜值与美味并存","1","1",""
"2017","金桔","2","40","连皮带肉，酸甜爆汁长精神","0","-3",""
"2018","草莓","4","40","红红火火，初恋般的酸甜滋味","-5","-7","-36 -34 | -27 -44 | 8 -37 | 29 -23 | 38 -9 | 38 7 | 23 34 | -5 40 | -23 33 | -39 3"
"2019","火龙果","4","40","芝麻点点，清甜水润好营养","2","-5","-35.1 -19.7 | -16.3 -39.9 | 5.9 -42.7 | 21.2 -39.4 | 38.2 -20.7 | 39 -3.9 | 26.9 23.1 | 18.6 35.3 | 12 37.7 | 0.3 32.5 | -24.3 24.8 | -38.1 4.5"
"2020","柿子","4","41","事事如意，甜如蜜糖挂枝头","0","-2",""
"2021","橘子","2","42","剥皮吃果肉，酸甜多汁又解渴","0","-2",""
"2022","蓝莓","3","40","小小蓝莓，酸甜可口护眼睛","1","-2",""
"2023","芒果","2","40","浓郁芒果香，细腻果肉甜丝丝","3","0","-16 -40 | 7 -45 | 24 -39 | 34 -21 | 33 24 | 21 40 | 1 43 | -23 28 | -34 -1 | -31 -23"
"2024","山竹","4","41","白嫩如猫爪，酸甜清爽果中后","0","-5",""
"2025","李子","3","40","爽脆酸甜，一口咬下嘎嘣脆","0","-4",""
"2026","西瓜","1","40","夏日救星，沙甜多汁超解暑","0","0",""
"2027","葡萄","3","40","晶莹剔透，紫中带甜一串接一串","-2","-4","-27 -44 | 19 -29 | 36 -7 | 28 22 | -4 40 | -26 29 | -36 -4"
"2028","柠檬","2","40","酸爽过瘾，瞬间激活你的味蕾","1.5","-2.5","-24 -41 | 19 -39 | 39 -14 | 39 6 | 25 39 | -21 33 | -38 7 | -37 -14"
"2029","石榴","4","40","满粒红宝石，酸甜多汁嚼着吃","1","-3",""
"2030","桃子","4","40","仙气飘飘，水蜜桃肉软糯多汁","0","-2",""
"2031","猕猴桃","2","40","酸甜交织，一口满格维C小弹药","0","0",""
"2032","菇娘果","1","38","剥开外衣，爆汁酸甜惊喜","1","8",""
"2033","黄西瓜","2","40","金色沙瓤打破常规，清甜解暑","0","0","-43 -26.5 | 0.2 -42.3 | 44.8 -23.4 | 7.3 38.7 | -6.9 39.1"
"2034","刺角瓜","2","39","满身长刺的怪异外表，水果界火星来客。","1","-5","39.9 -18.1 | 41.3 14.1 | 11.5 34.8 | -27.1 30.7 | -37.4 18.1 | -40.7 -8.5 | -17.3 -29.2 | 20.7 -31.8"
"2035","八月炸","3","40","皮开肉绽，自带蜜糖甜","0","0","13.3 -34.2 | 36.7 -7.2 | 40.3 17 | 18.9 36.9 | 5.1 38.1 | -16.1 28 | -38 -0.7 | -38 -18.8 | -26.5 -33.1 | -10.6 -39.9"
"2036","西柚","4","42","微苦微酸，夏日清爽解腻天花板","0.5","0",""
"2101","炽燃之心果","4","40","炽热如火，蕴含神秘能量的异果","0","0","14.1 -41.6 | 30.9 -24.1 | 36 -5 | 30.8 13.8 | 15.2 31.3 | -6.1 31.6 | -34.8 13 | -36.6 -5.3 | -33.7 -19.7 | -16.1 -40.2"
"2102","流光溢彩芒","2","40","流光运转，自带特效的华丽芒果","0","0","-12.6 -39.5 | 14.2 -26.2 | 28.8 -4.2 | 30.8 13.8 | 19.4 32.6 | -6.1 35.8 | -23.1 24.4 | -42.4 -25.9 | -40 -34.3 | -28.6 -39.6"
"2103","瑶池粉晶桃","4","40","王母蟠桃，咬一口能增寿千年","0","0","-0.4 -37.8 | 36.9 -35.3 | 40.5 10.2 | 26.2 27.3 | 0.7 41.5 | -36.9 15.7 | -38.6 -9.8 | -34.7 -33.7"
"3001","卷纸","2","40","居家常备，柔软亲肤擦拭无忧","0","0","-34 -28 | 21 -42 | 41 -27 | 36 27 | 3 41 | -33 31"
"3002","微波炉","2","40","叮的一声，美味食物热气腾腾","0","0","-37 -27 | -11 -36 | 39 -33 | 37 24 | 14 32 | -37 27"
"3003","存钱罐","4","40","一分一毛，攒下你的小梦想","0","0","-34 -9 | -24 -36 | 24 -39 | 36 -7 | 32 36 | 1 31 | -30 36"
"3004","梳妆镜","2","40","镜照佳人，每天都是最美的自己","0","0","-33 3 | -29 -14 | -13 -28 | -18 -41 | 29 -34 | 26 -20 | 35 -7 | 35 13 | 16 36 | -10 39 | -29 23"
"3005","书包","4","40","装满书本与知识，伴你天天向上","0","0","-26 -36 | 22 -39 | 36 -18 | 24 34 | -10 39 | -27 17 | -33 -28"
"3006","帽子","4","40","遮阳遮发际线，穿搭的灵魂点缀","0","0","-31 -26 | 0 -24.5 | 28 -15.2 | 39 -2 | 23.7 1.7 | 17.6 21.2 | 0.3 26.4 | -14 23.6 | -35 4 | -40 -12"
"3007","三角尺","2","40","线条笔直，数学课上的好帮手","0","0","-42.3 -34.3 | 39.3 -34.8 | 40.8 -27.9 | -0.2 34.3 | -42.3 -28.5"
"3008","钱包","4","40","鼓鼓囊囊，财源滚滚装进来","0","0","-36.7 -30.4 | -30.2 -35.8 | 29.8 -28.4 | 33.4 -24.4 | 36.7 -1.1 | 33 23.8 | 21.6 34.3 | -36.6 26.9"
"3009","烤箱","2","40","烘焙快乐，空气中弥漫着麦香","0","0","-39.7 -16 | -34.1 -25.8 | 14.6 -37.5 | 39.5 -20.9 | 39.3 9.1 | 30 26.4 | -12.5 36.3 | -36.6 22.1"
"3010","化妆盒","3","36","精致女孩的宝箱，装满美丽魔法","-0.2","-0.9",""
"3011","肥皂","2","40","泡沫丰富，洗去污渍留下一抹香","0","0","-39.8 -11.9 | -11.4 -33.4 | 5.1 -32.2 | 43.4 -10.4 | 42.8 15.3 | 5.9 34.8 | -40.7 10.2"
"3012","盘子","2","39","盛放美味，衬托佳肴的精致容器","0","0",""
"3013","头巾","2","40","时尚百搭，束发防风有妙用","-4.2","0.8",""
"3014","洗碗海绵","2","40","厨房小能手，油污污渍一擦净","0","0","-39.8 -11 | 8 -35.5 | 41.5 -19.5 | 39 11 | -8.6 34.5 | -39.8 17"
"3015","毛线球","4","40.8","丝丝缕缕，编织冬日里的温暖","-0.8","-0.8",""
"3016","电饭煲","2","38","晶莹米饭，焖出家的温馨味道","0.9","-3.4",""
"3017","竹篮","2","37","质朴竹编，装满田园的小确幸","-0.8","-0.1",""
"3018","切菜板","2","40","笃笃笃，承载每一餐的烟火气","0","0","-33.9 -22.1 | 0.9 -38.2 | 12.5 -32.5 | 37.5 3.2 | 37.2 9.7 | 25.2 18.7 | 32.2 32.3 | 20.7 36.4 | 12.6 24.9 | -5.4 30.4 | -37.3 -6.7"
"3019","垃圾袋","3","40","默默承受，保持环境干净的小卫士","0","0","-38.1 -11.1 | 3.4 -31.4 | 12.5 -24.9 | 26.5 -23.9 | 38.3 -4.3 | 36.4 14.8 | -23.4 32.1 | -37.7 10.1 | -28 -5.9"
"3020","水壶","4","40","随时补水，温暖相伴每一天","0","0","-41.5 -0.1 | -37.7 -14.7 | -22 -33.1 | 24.4 -33.4 | 33.3 -18 | 33.2 -1.8 | 44.2 16.3 | 36.5 21.6 | 25.5 14.9 | 1.4 36.1 | -23.3 22 | -38.6 16"
"3021","抽纸","2","40","随抽随用，温柔呵护你的生活","0","0","-36.4 -19.6 | 10.9 -36.8 | 38.3 -18.7 | 37.3 10.2 | 25.9 21.3 | -4.9 34.7 | -23.2 26.8 | -35.8 9.3"
"3022","挂钟","4","36","滴答滴答，记录每一刻的美好","0","0",""
"3023","铁锅","4","40","大火爆炒，中国胃的饭菜灵魂","0","0","-21.2 -29.6 | 14.5 -30.5 | 33 -15.7 | 31.9 -1.6 | 40.7 9.4 | 24.3 22.6 | -1.2 30.2 | -36.5 16.7 | -40.1 8.1 | -32.6 1.9 | -33.1 -14.4"
"3024","茶杯","2","40","一盏清茶，品味生活的小悠闲","0","0","-27.2 -33 | -3.9 -37 | 18.1 -29.7 | 35.4 -13.6 | 40.7 9.4 | 25.3 18.5 | 26.9 26.8 | -3.1 36.8 | -34.3 31.5 | -40.6 22.1 | -35.2 15.7 | -32.9 -22.5"
"3025","海绵","2","40","吸水力超强，清洁柔软不伤表层","0","0","-2.6 -36.4 | 35.4 -13.6 | 39 11.9 | 4.4 33.2 | -36 13.2 | -37.1 -12.3"
"3026","洗手液","1","40","抑菌呵护，洗出健康一双巧手","0","0","-17.8 -38.9 | 19.3 -39 | 34.8 -11.8 | 31.7 4.4 | 23.9 16.4 | 6.6 39.7 | -10.8 38.3 | -18.2 19.1 | -31.4 3.7 | -31.2 -15.7"
"3027","手套","4","40","呵护双手，防寒保暖两不误","0","0","-25.4 -33 | 12.5 -40.7 | 14.5 -30.4 | 28.7 -9.6 | 35.9 20.5 | 29 29.1 | 11.7 40.5 | -10.8 38.3 | -14 7.2 | -22.8 19.8 | -35.6 15.6 | -33.8 -6.2 | -21.9 -23.3"
"3028","碗","2","40","盛满人间烟火，大口吃饭才香","0","0","-18.6 -31.4 | 15 -31.4 | 35.4 -0.3 | 40.1 18.8 | 24.8 27.2 | 3.8 30.8 | -24.3 27.4 | -38.1 17.3 | -33.8 -6.2"
"3029","毛巾","1","40","柔软亲肤，洗完脸擦擦最舒服","0","0","4.3 -36.5 | 30.2 -26.3 | 40.2 -4.9 | 31.6 19.6 | -12.3 35.9 | -30.8 27.9 | -40.7 8.7 | -33.8 -15.5"
"3030","陶罐","1","40","质朴沉稳，封存岁月的好味道","0","0","-4.2 -34 | 16.5 -33.9 | 32.6 -20.9 | 36.4 -1.5 | 29.9 27.2 | -1.4 34.8 | -28 27.3 | -37 -10.8 | -27.9 -27.4"
"3031","木碗","4","40","盛满人间烟火，触手可及的温润","0","0","23.1 -25.7 | 41.5 0.7 | 41.1 18.1 | 28.2 26.8 | -2.3 31.2 | -25.9 27.2 | -40.9 18.1 | -40.4 1.3 | -23.3 -23.9 | -2.6 -31.8"
"3032","香皂","1","40","洗去一日疲惫，留下干净清香","0","0","41.2 -4.1 | 40.8 14.1 | 32.4 23.4 | 12.8 32.5 | -39.8 8.3 | -42.5 -10.3 | -19.1 -32.4 | -6.3 -33.1"
"3033","垃圾铲","1","40","默默无闻收纳，带走所有脏乱","0","0","39.1 -19.2 | 41.6 38.1 | 31.8 42.7 | -11.4 22.4 | -41.1 -12.6 | 18.3 -42.4"
"3034","刷子","3","40","所到之处污垢全无，解压清洁","0","0","-14 -38 | 41.4 -9.3 | 38.8 13.8 | 28.4 32.3 | 15.9 36.9 | -23 20.8 | -39.2 0.4 | -42.2 -23.9"
"3035","化妆包","3","40","装下所有美丽秘密，出行一包搞定","0","0","-18 -38 | 40.1 -18.5 | 44.3 -11.3 | 31.6 29.9 | 19.3 37.4 | -32.5 22.6 | -43 -23.1"
"3036","隔热垫","4","40","餐桌温柔盾牌，只留温度不留烫","0","0","35.4 -13.6 | 37.1 -2.9 | 0.3 39.2 | -36.7 -4.6 | -36.1 -10.9 | -5.5 -42.1 | 5.2 -42.9"
"3101","绿宝石戒","1","40","碧绿深邃，指尖上的奢华流光","0","0","-25 -31.9 | 18.2 -33.6 | 42 -20.3 | 43 -5 | 15.8 27.7 | -1.8 35.1 | -18 27.6 | -43.1 -5.4 | -42.7 -18.9"
"3102","黄宝石挂坠","2","40","金光璀璨，颈间的一抹尊贵颈饰","0","0",""
"3103","人头马酒","3","40","香气浓郁，品味岁月的醇厚优雅","0","0","-29.8 -28.7 | -18.8 -39.3 | 20.9 -41 | 34.4 -17.9 | 29.5 4.7 | 10.6 22.7 | 12 41.7 | -12 42.2 | -11.4 23.5 | -29.3 12.2 | -35.3 -10"
"4001","长颈鹿","1","40","脖子长长，高处风景尽收眼底","0","0","-20 -29 | 5 -36 | 28 -23 | 26 -2 | 37 1 | 44 17 | 30 22 | 16 35 | -12 36 | -26 21 | -43 20 | -37 3 | -22 -2 | -29 -13"
"4002","章鱼","2","40","八爪张开，海里的软体伪装大师","0","0","-26 -36 | -7 -37 | 28 -34 | 41 -23 | 33 -14 | 37 3 | 28 25 | 0 38 | -23 28 | -34 9 | -30 -13 | -42 -21"
"4003","青蛙","3","40","呱呱呱，田里抓害虫的小能手","0","0","-1 -34 | 35 -25 | 43 -1 | 37 9 | 37 23 | 26 33 | 2 33 | -28 32 | -37 23 | -34 9 | -43 -7 | -33 -27"
"4004","企鹅","4","40","摇摇晃晃，身穿燕尾服的南极客","0","0","2 -39 | 33 -33 | 43 -13 | 33 19 | 18 33 | -8 37 | -33 23 | -43 -7 | -35 -34"
"4005","兔子","1","40","红眼睛长耳朵，蹦蹦跳跳超可爱","0","0","2 -39 | 33 -33 | 43 -13 | 33 19 | 18 33 | -8 37 | -33 23 | -43 -7 | -35 -34"
"4006","柴犬","2","40","治愈系微笑，忠诚黏人的小跟班","0","0","-27 -34 | 8 -38 | 34 -27 | 41 -6 | 38 22 | 26 37 | 12 31 | -10 27 | -29 40 | -38 22 | -41 -13"
"4007","老虎","3","40","威风凛凛，森林之王百兽震撼","0","0","-38 -7 | -27 -35 | 9 -41 | 33 -30 | 40 0 | 32 40 | 6 36 | -30 39"
"4008","蓝象","4","40","鼻子长长，温和厚重的森林巨人","0","0","-36 -11 | -15 -30 | 2 -35 | 23 -22 | 41 -3 | 39 24 | 11 33 | -30 29 | -43 12"
"4009","哈巴狗","1","40","褶子多多，呆萌委屈的小可爱","0","0","-37 -17 | -27 -35 | 3 -40 | 33 -28 | 39 0 | 42 23 | 33 36 | 4 38 | -30 35 | -43 22 | -42 5"
"4010","松鼠","2","40","尾巴大大的，忙着藏坚果的小家伙","0","0","-39 -10 | -39 -29 | 3 -40 | 34 -34 | 42 -21 | 39 -4 | 32 13 | 35 30 | 25 41 | 4 32 | -20 40 | -33 39 | -35 19"
"4011","树懒","3","40","动……作……超……慢……的……慢性子","0","0","-45 -1 | -39 -28 | -5 -40 | 34 -31 | 43 -7 | 31 27 | 2 40 | -29 29"
"4012","猫头鹰","4","40","夜视大眼，黑夜里的空中巡逻员","0","0","-45 -1 | -39 -28 | 0 -38 | 34 -31 | 43 -7 | 31 27 | 43 33 | -41 36 | -37 17"
"4013","小黄鸭","1","40","嘎嘎嘎，洗澡时的快乐好玩伴","0","0","-41 -17 | -29 -35 | -6 -39 | 26 -34 | 40 -21 | 38 2 | 24 30 | 2 41 | -30 30"
"4014","猩猩","2","40","聪明强壮，模仿达人就是我","0","0","-29 -35 | 0 -43 | 32 -33 | 39 8 | 19 28 | 2 41 | -19 31 | -30 14 | -42 4"
"4015","考拉","3","40","挂在树上，一天能睡二十个小时","0","0","-30 -25 | 0 -37 | 29 -28 | 34 4 | 44 18 | 32 33 | 16 31 | -19 31 | -41 27 | -40 12 | -35 1"
"4016","刺猬","4","41","浑身是刺，害羞时就缩成小球","-1","-5",""
"4017","恐龙","1","44","远古霸主，虽然灭绝但传说依旧","1","-2",""
"4018","小马","2","40","哒哒哒，奔跑在草原上的小可爱","0","0","-27 39 | -32 24 | -25 14 | -32 -15 | -23 -31 | -8 -42 | 11 -41 | 23 -31 | 33 -19 | 27 14 | 31 24 | 26 39"
"4019","小鸡","3","40","叽叽叽，毛茸茸的黄色小毛球","0","0","-37 -16 | -31 -30 | -2 -45 | 31 -31 | 36 -16 | 27 14 | 18 33 | 7 42 | -8 41 | -27 17"
"4020","奶牛","4","40","哞哞叫，产出香甜醇厚的纯牛奶","0","0","-32 -3 | -31 -26 | -4 -36 | 26 -31 | 34 -18 | 31 -5 | 45 13 | 41 25 | 26 22 | 21 37 | 11 28 | -11 25 | -20 37 | -28 24 | -42 20 | -41 6"
"4021","鲨鱼","1","40","海洋霸主，亮出锋利牙齿可不好惹","0","0","-41 -6 | -33 -29 | -2 -41 | 29 -34 | 40 -18 | 35 8 | 27 19 | 10 26 | 0 38 | -11 25 | -30 16"
"4022","鳄鱼","2","40","潜伏水底，冷酷坚硬的湿地猎手","0","0","-42 -2 | -37 -20 | -17 -37 | 18 -36 | 38 -17 | 42 3 | 30 32 | 14 36 | -12 36 | -31 29"
"4023","哈士奇","3","40","拆家能手，智商换了颜值的二哈","0","0","-42 -2 | -37 -20 | -17 -37 | 18 -36 | 38 -17 | 42 3 | 25 39 | -4 28 | -24 41"
"4024","狮子","4","42","鬃毛蓬松，草原上威严的万兽之王","0","-2",""
"4025","小熊猫","1","40","尾巴蓬松，超爱举手卖萌的红熊猫","0","0","-24 -31 | 3 -34 | 29 -28 | 38 -11 | 39 17 | 36 33 | -42 31 | -37 9 | -39 -14"
"4026","熊猫","2","40","华夏国宝，靠吃竹子萌翻全世界","0","0","-24 -34 | 28 -33 | 40 -13 | 45 25 | 30 37 | -27 38 | -43 28 | -40 -18"
"4027","小浣熊","3","40","干干脆脆，吃东西前喜欢洗一洗","0","0","-19 -38 | 27 -37 | 42 -18 | 41 14 | 34 39 | -2 26 | -32 40 | -41 21 | -40 -25"
"4028","河马","4","40","大嘴张开，吨位十足的水中健将","0","0","-25 -38 | 22 -39 | 42 -18 | 28 39 | -30 39 | -42 -19"
"4029","棕熊","1","40","身体强壮，最爱蜂蜜的森林大狗熊","0","0","-21 -36 | 27 -33 | 40 -14 | 41 27 | 29 35 | -34 36 | -44 22 | -40 -18"
"4030","小猪","2","40","哼哼唧唧，吃饱就睡的快乐福猪","0","0","-23 -33 | 26 -32 | 38 -12 | 45 19 | 24 33 | -28 32 | -45 16 | -39 -14"
"4031","小白象","2","40","遮阳凹造型两不误，懒人救星","0","0","35.4 -13.6 | 44.5 10.6 | 35.2 29.2 | -37.5 28.7 | -45.1 11.8 | -35.4 -13.6 | 7.3 -33.9"
"4032","蜥蜴","1","40","泥土里的希望，静待破土惊喜","0","0","42.5 2.8 | 29.2 24.1 | 0.1 42.1 | -27.7 23.4 | -41.7 -0.1 | -35.4 -30 | -0.7 -43.9 | 38 -28.9"
"4033","小金鱼","8","40","大自然甜蜜迷宫，藏着纯正天然","0","0","40.9 16 | 29.2 24.1 | -1.5 37.3 | -41.7 -0.1 | -31.2 -34.2 | 16.7 -37.3 | 39.8 -26.3"
"4034","小蓝鸟","3","39","圈住满园诗意，隔开繁杂守护","0.5","-5",""
"4035","蝙蝠","3","40","男人的浪漫宝箱，专治生活毛病","0","0","36.1 16 | 25.8 38.9 | -26.9 38.1 | -37.2 14.4 | -29.6 -28.4 | -13.4 -39.7 | 14.3 -38.9 | 28.7 -30.5"
"4036","教主鸟","4","40","随时可靠支撑，让双脚歇一歇","0","0","36.1 -19.1 | 31 4.8 | -1.4 41.8 | -30.6 7.7 | -38.5 -20.2 | -29.6 -36.6 | -13.1 -43.7 | 15.4 -42.9 | 29.8 -34.5"
"4101","貔貅","4","40","招财进宝，只进不出的瑞兽","0","0",""
"4102","青龙","1","40","东方神兽，翱翔九天的华夏图腾","0","-3",""
"4103","狐仙","2","40","仙气妩媚，机敏聪慧的旷野精灵","0","0","-18.8 -39.3 | 7.4 -40.2 | 29.9 -31.7 | 42.8 -12.2 | 30.6 40.8 | -1.2 21.9 | -33.6 41.1 | -42.9 -12.4 | -38.3 -25.3"
"101001","阿玛特拉哞","1","41","尊贵牛牛，自带神圣光环的福牛","0","0","16.5 -33.9 | 43 -14 | 28 7 | 41.6 18.8 | 34.1 26.5 | -1 36 | -42 32.9 | -38.4 19.6 | -31 16 | -32 -12 | -28 -30"
"101002","草垛","2","40","金黄草垛，农场里的小麦清香","0","0","38.2 -19.5 | 42.2 -1.1 | 39 19.2 | 30.8 30.9 | 11.7 40.2 | -29.2 29.4 | -39.5 18.6 | -41.4 -4.7 | -30 -28.9 | -15.3 -40.9"
"101003","蜂蜡","2","40","嗡嗡嗡，藏满甜甜的天然蜂蜜","0","0","-40 -4 | -28 -5 | -22 -22 | -8 -25 | -6 -37 | 16 -42 | 34 -27 | 35 -13 | 42 -4 | 40 20 | 26 26 | 20 39 | -4 43 | -13 33 | -27 38 | -41 22"
"101004","木箱","2","40","结实耐用，装满农场的丰收果实","0","0","-40 -25 | 3 -44 | 43 -27 | 42 24 | 3 43 | -41 22"
"101005","哞的天","3","40","惊叹农场，连牛儿都直呼不可思议","0","0","-34 -22 | -27 -38 | 27 -35 | 30 5 | 43 30 | 24 31 | -3 42 | -23 34 | -42 29 | -30 8"
"101006","水桶","3","40","满满一桶，甘甜清泉挑回家","0","0","-32 -34 | -12 -43 | 14 -42 | 31 -33 | 31 19 | 26 40 | 1 43 | -25 40 | -33 20"
"101007","蹄铁","1","40","保护蹄子，奔跑起来更带劲","0","0","-42 -17 | -16 -42 | 14 -42 | 40 -21 | 42 2 | 26 40 | -22 44 | -40 9"
"101008","培养土","2","40","营养丰富，孕育作物的肥沃土壤","0","0","-35 -17 | -41 -41 | 42 -40 | 40 -21 | 36 24 | 13 43 | -11 38 | -34 21"
"101009","牛抱膝","1","40","憨态可掬，牛牛感到抱歉和委屈","0","0","-35 -17 | -41 -41 | 42 -40 | 40 -21 | 36 24 | 13 43 | -11 38 | -34 21"
"101010","棉花","1","40","白白胖胖，像云朵一样柔软温暖","0","0","-40 -5 | -36 -12 | -31 -26 | -10 -39 | 20 -36 | 40 -20 | 47 0 | 38 13 | 24 30 | -6 36 | -34 21"
"101011","土豆","2","40","朴实无华，怎么做都好吃的土豆","0","0","-37 -21 | -23 -41 | 16 -44 | 35 -30 | 40 -11 | 34 25 | 17 41 | -1 44 | -18 40 | -36 11"
"101012","坤坤","4","40","农场里的隐藏梗，懂的都懂","0","0","-39 -3 | -33 -37 | -8 -37 | 9 -45 | 19 -30 | 37 -22 | 44 -2 | 42 24 | 11 41 | -15 40 | -27 21"
"101013","牛震惊","2","40","瞪大牛眼，这操作让牛直呼内行","0","0","-27 11 | -28 -18 | -19 -34 | 13 -37 | 28 -32 | 36 -18 | 31 11 | 44 18 | 45 30 | 25 33 | 6 39 | -21 31 | -36 35 | -40 23"
"101014","铲子","1","40","农作好帮手，翻土挖坑全靠它","0","0","-17 19 | -38 -10 | -35 -30 | -29 -39 | -6 -40 | 19 -16 | 10 -7 | 22 11 | 30 9 | 44 18 | 18 40 | 11 31 | 10 20 | -5 6"
"101015","小麦","2","40","颗粒饱满，风吹麦浪一片金黄","0","0","-25 12 | -32 0 | -29 -17 | -38 -27 | -38 -37 | -21 -40 | -14 -27 | 11 -27 | 38 -5 | 45 17 | 44 18 | 38 33 | 25 28 | 5 41 | -12 28"
"101016","面包","2","40","刚出炉，松软香甜麦香四溢","0","0","-40 8 | -38 -18 | -13 -33 | 29 -29 | 46 -9 | 40 13 | 23 26 | 0 32 | -29 26"
"101017","牛委屈","1","40","撇起牛嘴，委屈巴巴需要哄哄","0","0","-42 26 | -27 10 | -25 -30 | -3 -38 | 22 -36 | 36 -21 | 35 9 | 51 26 | 25 36 | -1 42 | -19 32 | -33 35"
"101018","鸡窝","2","42","温暖舒适，母鸡下蛋的小基地","0","-4",""
"101019","木桶","2","44","质朴木桶，酿造时间的好味道","-1","1",""
"101020","剪刀","3","40","咔嚓咔嚓，修剪枝条利索得很","0","0","-12 -42 | 13 -41 | 15 -8 | 34 18 | 29 37 | 8 18 | 11 42 | -6 31 | -13 4 | -37 -25 | -24 -37"
"101021","牛power","1","40","充满力量，干劲满满的农场顶梁柱","0","0","-8 -37 | 21 -31 | 42 4 | 34 18 | 40 30 | 20 33 | 0 40 | -29 31 | -45 24 | -43 6 | -29 -23"
"101022","推车","4","40","咕噜咕噜，运送农货轻轻松松","0","0","-24 -42 | -12 -41 | 8 -27 | 26 -27 | 32 -9 | 40 9 | 43 25 | 20 35 | -5 44 | -43 12 | -41 3 | -31 -16 | -35 -36"
"101023","鸟窝","4","40","鸟儿的家，充满生机与叽喳声","0","0","11 -43 | 40 -20 | 35 -11 | 36 18 | 42 20 | 42 33 | -5 44 | -42 27 | -40 17 | -34 13 | -34 -18 | -38 -20 | -38 -30"
"101024","原木","4","40","沉稳厚重，建筑修缮的基础材料","0","0","-41 -8 | -38 -26 | 4 -42 | 45 -12 | 33 30 | 15 41 | -27 21"
"101025","牛DJ","3","40","动次打次，牛牛带你嗨翻全场","0","0","-41 -8 | -26 -33 | 4 -42 | 22 -28 | 42 -10 | 42 17 | 15 41 | -12 42 | -45 21"
"101026","牛铃","2","40","叮当叮当，牛儿走过留下的清脆声","0","0","-37 -30 | -29 -40 | 2 -45 | 36 -37 | 38 -27 | 26 -11 | 19 12 | 12 19 | 15 31 | 0 43 | -12 36 | -10 20 | -16 13 | -26 -18"
"101027","牛不屑","1","40","傲娇眼神，对一切都表示不以为然","0","0","-19 -36 | 18 -35 | 30 -22 | 28 11 | 44 23 | 38 32 | 23 30 | 1 40 | -22 28 | -42 29 | -31 13 | -31 -18"
"101028","奶茶","3","40","续命神器，甜甜快乐水来一杯","0","0","-19 -36 | 2 -42 | 18 -35 | 32 18 | 21 37 | 1 40 | -21 36 | -33 19"
"101029","仓库","4","40","堆满物资，丰收的底气都在这里","0","0","-37 -41 | 36 -41 | 37 -12 | 41 -6 | 26 29 | -4 42 | -28 27 | -43 -9 | -35 -17"
"101030","拖拉机","4","40","突突突，现代农场的高效铁牛","0","0","-40 -23.7 | -13 -33 | 2 -42 | 17 -29 | 37 -21 | 43 7 | 30 16 | 26 34 | 0.3 43.7 | -16.2 30.8 | -27.7 32.8 | -29.4 27.4 | -24.9 24.8 | -24.5 8.4 | -38.4 -5"
"101031","帽子","3","40","巨无霸的幼崽期，长鼻子超呆萌","0","0","42.2 -6.4 | 42.4 7.2 | 13.9 32 | -14.5 32 | -42.2 6.8 | -41 -8.3 | -16.3 -32.1 | 19.5 -31.3"
"101032","种子","1","40","自然伪装大师，随心换装时髦精","0","0","8.4 -43.9 | 40.6 -26.6 | 36.9 24.6 | -10 43.9 | -30.7 35.8 | -39.3 -22.1"
"101033","蜂巢","2","40","水中摇曳红绸缎，治愈系精灵","0","0","-34.9 -28.3 | -18 -42 | 23.5 -40.1 | 40.3 -9.2 | 34 18.5 | 16.2 39.9 | -17.5 41.1 | -38.5 5.6"
"101034","栅栏","3","40","掠过天空的治愈蓝，童话般美好","0","0","-41.2 -24.1 | -31.5 -36.2 | 33.5 -35.9 | 41.4 -23.5 | 41.7 13.2 | 27.8 34.6 | -27.5 35 | -41.9 12.2"
"101035","工具箱","1","40","暗夜神秘飞行者，自带魔幻色彩","0","0","-36.3 -18.2 | 13.7 -36.7 | 38.8 -21.2 | 42.3 17.7 | -9 36.1 | -39.3 19.6"
"101036","凳子","4","40","自带霸气冠羽，鸟界个性天花板","0","0","0.7 -41.5 | 40.4 -23.8 | 38.3 32.2 | 0.1 42.1 | -35.4 34 | -38.7 -22.9"
"101101","金边蓝玉袋","3","40","镶嵌金边，极为奢华的藏宝袋","0","0","-36.2 -32.7 | 20.5 -42.7 | 37.5 -29.4 | 29 33.7 | 8.2 41.9 | -24.6 38"
"101102","翡翠金柄壶","1","40","碧绿翡翠，皇家御用的琼浆玉液壶","0","0","-43.2 -1.4 | -16.1 -32.2 | 6.6 -40.3 | 31.3 -33.6 | 43.4 4.9 | 42.3 16.5 | 5.9 36.6 | -41.1 11.7"
"101103","织金遮阳帽","2","40","金线编织，防晒又高贵的奢华草帽","0","0","-42.2 -27.5 | -30.3 -39.4 | -8.5 -37.1 | 27.3 -14 | 41.9 24.7 | 32.2 37.9 | -14.5 35.2 | -32 19.6"
"102001","番茄","4","41","红润多汁，酸酸甜甜国民菜","0","0","-36 -28 | -23 -37 | 25 -37 | 35 -28 | 35 24 | 28 35 | -30 34 | -37 22"
"102002","猕猴桃","1","40","维C之王，酸甜毛茸茸的小果子","0","0","-36 -28 | -23 -37 | 25 -37 | 35 -28 | 35 24 | 28 35 | -30 34 | -37 23"
"102003","西瓜","4","40","清甜解暑，夏天就该抱个大西瓜","0","0","-36 -28 | -23 -37 | 25 -37 | 35 -28 | 35 24 | 28 35 | -30 34 | -37 24"
"102004","橙子","2","40","阳光的味道，满满一嘴大果粒","0","0","-36 -28 | -23 -37 | 25 -37 | 35 -28 | 35 24 | 28 35 | -30 34 | -37 25"
"102005","山竹","3","40","水果皇后，果肉雪白甜过初恋","0","0","-36 -28 | -23 -37 | 25 -37 | 35 -28 | 35 24 | 28 35 | -30 34 | -37 26"
"102006","柠檬","2","40","酸爽解腻，空气里都是清香","0","0","-36 -28 | -23 -37 | 25 -37 | 35 -28 | 35 24 | 28 35 | -30 34 | -37 27"
"102007","椰子","2","40","椰香浓郁，吸一口满是海岛风情","0","0","-36 -28 | -23 -37 | 25 -37 | 35 -28 | 35 24 | 28 35 | -30 34 | -37 28"
"102008","杨桃","1","40","奇特星形，清脆爽口汁水多","0","0","-36 -28 | -23 -37 | 25 -37 | 35 -28 | 35 24 | 28 35 | -30 34 | -37 29"
"102009","刺角瓜","1","40","外表奇特，内里大有乾坤的怪果","0","0","-36 -28 | -23 -37 | 25 -37 | 35 -28 | 35 24 | 28 35 | -30 34 | -37 30"
"102010","蓝莓","3","40","蓝紫诱人，小小一粒爆发大营养","0","0","-36 -28 | -23 -37 | 25 -37 | 35 -28 | 35 24 | 28 35 | -30 34 | -37 31"
"102011","红心柚","4","40","果肉红润，酸甜降火的冬日好物","0","0","-36 -28 | -23 -37 | 25 -37 | 35 -28 | 35 24 | 28 35 | -30 34 | -37 32"
"102012","青柠","1","40","清新微苦，夏日饮品的灵魂伴侣","0","0","-36 -28 | -23 -37 | 25 -37 | 35 -28 | 35 24 | 28 35 | -30 34 | -37 33"
"102013","梨","2","40","清甜润肺，多汁清脆好滋味","0","0","-36 -28 | -23 -37 | 25 -37 | 35 -28 | 35 24 | 28 35 | -30 34 | -37 34"
"102014","牛油果","1","40","绵密细腻，高营养的健康果实","0","0","-36 -28 | -23 -37 | 25 -37 | 35 -28 | 35 24 | 28 35 | -30 34 | -37 35"
"102015","苹果","2","40","一天一苹果，医生远离我","0","0","-36 -28 | -23 -37 | 25 -37 | 35 -28 | 35 24 | 28 35 | -30 34 | -37 36"
"102016","榴莲","2","40","醇厚绵密，饕餮食客的挚爱","0","0","-36 -28 | -23 -37 | 25 -37 | 35 -28 | 35 24 | 28 35 | -30 34 | -37 37"
"102017","火龙果","4","40","颜值担当，清新解腻多吃不胖","0","0","-36 -28 | -23 -37 | 25 -37 | 35 -28 | 35 24 | 28 35 | -30 34 | -37 38"
"102018","山楂","4","40","酸酸甜甜，开胃消食红果果","0","0","-36 -28 | -23 -37 | 25 -37 | 35 -28 | 35 24 | 28 35 | -30 34 | -37 39"
"102019","黄瓜","1","40","脆嫩爽口，补水美容两不误","0","0","-36 -28 | -23 -37 | 25 -37 | 35 -28 | 35 24 | 28 35 | -30 34 | -37 40"
"102020","木瓜","2","40","软糯香甜，滋补养颜好选择","0","0","-36 -28 | -23 -37 | 25 -37 | 35 -28 | 35 24 | 28 35 | -30 34 | -37 41"
"102021","菠萝","2","40","酸甜带刺，盐水泡泡更美味","0","0","-36 -28 | -23 -37 | 25 -37 | 35 -28 | 35 24 | 28 35 | -30 34 | -37 42"
"102022","百香果","2","40","果香浓郁，酸爽过瘾的调味大师","0","0","-36 -28 | -23 -37 | 25 -37 | 35 -28 | 35 24 | 28 35 | -30 34 | -37 43"
"102023","哈密瓜","1","40","沙甜多汁，蜜一样的甜润味道","0","0","-36 -28 | -23 -37 | 25 -37 | 35 -28 | 35 24 | 28 35 | -30 34 | -37 44"
"102024","番石榴","4","40","独特热带风味，低脂健康的首选","0","0","-36 -28 | -23 -37 | 25 -37 | 35 -28 | 35 24 | 28 35 | -30 34 | -37 45"
"102025","桃子","4","40","猴哥也馋，粉嫩多汁大仙桃","0","0","-36 -28 | -23 -37 | 25 -37 | 35 -28 | 35 24 | 28 35 | -30 34 | -37 46"
"102026","人参果","2","40","清甜多汁，延年益寿的传说之果","0","0","-36 -28 | -23 -37 | 25 -37 | 35 -28 | 35 24 | 28 35 | -30 34 | -37 47"
"102027","葡萄","3","40","串串晶莹，甜到心坎里的浆果","0","0","-36 -28 | -23 -37 | 25 -37 | 35 -28 | 35 24 | 28 35 | -30 34 | -37 48"
"102028","水蜜桃","4","40","轻轻一撕，满手都是香甜汁水","0","0","-36 -28 | -23 -37 | 25 -37 | 35 -28 | 35 24 | 28 35 | -30 34 | -37 49"
"102029","无花果","4","40","蜜汁饱满，软糯甘甜的天然点心","0","0","-36 -28 | -23 -37 | 25 -37 | 35 -28 | 35 24 | 28 35 | -30 34 | -37 50"
"102030","草莓","4","40","甜美娇艳，一口咬下满满幸福感","0","0","-36 -28 | -23 -37 | 25 -37 | 35 -28 | 35 24 | 28 35 | -30 34 | -37 51"
"10001001","多肉","4","40","肉嘟嘟，治愈系的小可爱植物","0","0",""
"10001002","风信子","4","40","点缀春光，静待花开的浪漫","0","0",""
"10001003","小红花","4","40","奖励一朵小红花，今天也辛苦啦","0","0","-25 -41 | 31 -37 | 44 12 | 1 41 | -44 11"
"10001004","小苍兰","3","40","幽香袭人，清新脱俗的优雅存在","0","0","-26 -39 | 29 -39 | 42 -3 | 39 15 | 1 41 | -34 19 | -44 -2"
"10001005","仙人球","1","40","浑身是刺，却有最温柔的坚持","0","0",""
"10001006","小蓝花","3","43","低调盛开，路边的一抹静谧蓝色","0","0",""
"10001007","五瓣花","4","43","简单对称，绽放最纯粹的美好","0","0",""
"10001008","四叶草","1","40","寻找第四片叶子，收获专属幸运","0","0",""
"10001009","洋桔梗","3","40","花瓣重叠，纯洁高雅的永恒之爱","0","0",""
"10001010","杜鹃花","4","43","漫山红遍，热烈奔放的春天信使","0","0",""
"10001011","雏菊","2","41","天真烂漫，向阳而生的微小快乐","2","0",""
"10001012","水仙","2","43","凌波仙子，一勺清水便满室生香","2","-1",""
"10001013","樱花","4","40","浪漫如雪，邂逅一场粉色的梦","1","-1",""
"10001014","非洲菊","3","40","活力四射，像太阳一样灿烂盛开","0","0","-43 -22 | -8 -41 | 37 -39 | 41 1 | 37 19 | 17 39 | -3 36 | -26 25"
"10001015","虞美人","4","41","婀娜多姿，风中摇曳的绝美身姿","0","0","-23 -11 | -6 -43 | 3 -43 | 19 -14 | 36 5 | 34 44 | -7 38 | -28 28 | -39 8"
"10001016","向日葵","2","41","追逐阳光，永远充满正能量","0","0",""
"10001017","莲花","4","41","出淤泥不染，高洁淡雅的荷塘仙子","0","0",""
"10001018","马蹄莲","2","41","亭亭玉立，优雅纯洁的象征","0","0",""
"10001019","玉露","1","40","晶莹剔透，多肉界的璀璨绿宝石","0","0","-15 -41 | 15 -40 | 37 -3 | 41 12 | 31 36 | 4 42 | -21 37 | -40 13 | -36 -7"
"10001020","玫瑰","4","40","浓情蜜意，浪漫爱情的专属代言","0","0","-25 -29 | 3 -39 | 24 -27 | 41 -3 | 37 25 | -4 37 | -25 29 | -42 2"
"10001021","紫苑","3","41","淡雅紫瓣，诉说思念的秋日花朵","0","0",""
"10001022","紫荆花","2","41","繁花似锦，象征团结与繁荣","0","0",""
"10001023","牵牛花","3","40","晨曦吹喇叭，勤劳的攀爬小能手","0","0","-43 -1 | -17 -36 | 18 -41 | 39 -23 | 43 23 | 33 39 | 16 41 | -25 22"
"10001024","百合","4","41","百年好合，清新淡雅百合香","1","0",""
"10001025","鸡蛋花","2","43","白瓣黄心，浓浓的热带海岛风情","1","0",""
"10001026","山茶花","4","42","傲雪迎春，经久不凋的东方美","0","0",""
"10001027","银莲花","2","42","随风摇曳，期待希望的降临","0","0",""
"10001028","紫罗兰","3","40","神秘幽香，永恒之美在身旁","0","0",""
"10001029","葫芦丝","1","40","丝竹声声，吹奏出清脆悠扬的旋律","0","-2","-33.5 19.5 | -22.2 -3 | -25 -19.9 | -16.5 -37.6 | 0.8 -42.1 | 18.7 -39.6 | 29.2 -24.9 | 31.3 -12.5 | 27.5 31.1 | -1.9 42.8 | -26.3 34.2"
"10001030","金鱼草","1","40","花开如金格，游动在枝头的小金鱼","0","0","-34.9 -18.5 | -16.5 -37.6 | 18.7 -39.6 | 37.3 -20.6 | 42.3 5.4 | 27.7 30.1 | 1.7 39.9 | -18.9 33.8 | -37.8 19.1 | -42.2 -0.4"
"10001031","白鹤芋","4","40","一缕清风一抹白，一帆风顺绿植","0","0","32.4 -30.7 | 40.1 -22.9 | 42.8 -3.1 | 22.2 22.7 | -3.9 37.3 | -38.6 5.2 | -42.7 -17.1 | -27.7 -36.8"
"10001032","小草","1","40","野火烧不尽，默默给大地披绿衣","0","0","-1.4 -34.4 | 23.7 -27.7 | 38 -13.1 | 39.9 5.3 | 0.1 43.4 | -41 3.6 | -37.9 -12.9 | -27.4 -27.3"
"10001033","金莲","2","40","接天莲叶一抹金，富贵又高雅","0","0","-1.4 -34.4 | 17.1 -33 | 39.8 -16 | 44.4 1.1 | 28.6 35 | -22.3 34.7 | -41 9.7 | -42.1 -5.8 | -27.4 -27.3"
"10001034","牵牛花","3","40","清晨紫色小喇叭，迎着朝阳攀登","0","0","17.6 -38.9 | 23.2 -32.7 | 42.7 7.3 | 40.7 27.8 | 21.5 37.6 | -21 29.4 | -42.8 1.8 | -35.2 -14.8 | 9.2 -37.5"
"10001035","莺尾花","3","40","如蓝紫蝴蝶驻足，浪漫至极","0","0","6.8 -39.8 | 41.4 -20.2 | 24.8 20.1 | 12 38.1 | -10.7 38.4 | -25.1 21.4 | -39.4 -19.6 | -5.6 -39.9"
"10001036","郁金香","4","40","自带法式滤镜，把春天穿在身上","0","0","29.3 -6.8 | 25.5 38.3 | -26.1 38.2 | -30.1 -5.3 | -5 -42.3 | 5 -42.5"
"10001101","蓝晶风铃草","3","40","湛蓝如水晶，微风中摇曳出仙音","0","0","-16 -33.9 | 20.4 -39.6 | 38.8 11.1 | 27.8 37.9 | 1.2 37.4 | -38.7 -0.9"
"10001102","绯红晶耀花","4","40","绯红夺目，在夜空中闪烁的花朵","0","-1.5",""
"10001103","碧玉翠青莲","1","40","绝美碧玉，不染尘埃的池中仙品","0","0",""
"10002001","烤菠萝","2","41","烈火淬炼，酸甜多汁的风味碰撞","0","0",""
"10002002","烤肉肠","4","40","油脂滋滋，咬一口满嘴肉香","0","0","-12 -36 | 42 2 | 39.7 24.1 | 28 35.3 | 11 38 | -41 5 | -43.3 -17.9 | -35.7 -33.3"
"10002003","鸡肉串","4","40","鲜嫩入味，烧烤摊的必点经典","0","0","-10 -29 | 6 -35.5 | 38 -34 | 40.7 25.1 | 18 31.3 | -37 33 | -42.3 21.1 | -41.4 -22.5 | -31.7 -38.3"
"10002004","培根金针菇","4","40","焦香培根，包裹爽脆金针菇","0","0","26 -41 | 29.4 -24.9 | 29.2 12.8 | 36.7 30.1 | -1 43.9 | -37 33 | -31.3 12.1 | -30.4 -27.5 | -27.7 -44.3"
"10002005","烤鸡","4","40","外酥里嫩，整只撕着吃才过瘾","0","0","-33 -17 | -24 -35 | 11 -40 | 32 -29 | 36 7 | 19 37 | -16 37 | -34 9"
"10002006","烤猪蹄","4","40","软糯Q弹，满满的胶原蛋白","0","0","-44 -13 | -30 -28 | -3 -32 | 15 -20 | 33 -18 | 44 -3 | 35 24 | 16 33 | -13 22 | -29 9"
"10002007","烤虾","4","40","壳脆肉弹，鲜美虾肉带点焦香","0","-1",""
"10002008","烤丸子","4","42","Q弹有劲，酱汁浓郁越嚼越香","0","1",""
"10002009","烤红椒","4","40","微微带甜，色彩诱人的微辣风味","0","0","-41 20 | -41 -20 | -12 -35 | 18 -34 | 42 -13 | 40 22 | -6 38"
"10002010","烤花菜","1","40","焦香爽脆，吸饱酱汁的素菜之王","0","0","-41 5 | -43 -18 | -12 -35 | 14 -34 | 42 -17 | 39 5 | 29 20 | 10 34 | -14 33"
"10002011","章鱼丸子","4","39","柴鱼片飘飘，金黄酥嫩圆滚滚","0","-3",""
"10002012","烤包子","2","40","酥脆外皮，包裹着滚烫的肉馅","0","0",""
"10002013","烤扇贝","2","40","蒜蓉粉丝，鲜美多汁无法抗拒","0","-3","-37 -18 | -5 -32 | 33 -21 | 43 2 | 31 21 | 3 29 | -26 26 | -41 4"
"10002014","煎蛋","2","40","边缘焦脆，完美的灵魂单面煎","0","0","-37 -18 | -5 -32 | 30 -21 | 43 2 | 31 21 | 3 29 | -27 23 | -41 4"
"10002015","烤翅","4","40","外皮焦黄，香辣入味吮指留香","0","0","-44 -12 | -32 -24 | -24 -19 | 16 -34 | 29 -29 | 29 -11 | 45 -12 | 25 27 | -11 32 | -40 6"
"10002016","烤馒头","2","40","刷上酱料，外焦里软赛过肉","0","0","-41 -9 | -23 -24 | 4 -32 | 39 -15 | 39 8 | 23 27 | -7 31 | -36 16"
"10002017","鱿鱼须","4","41","劲道弹牙，香辣爽口停不下来","1","-1",""
"10002018","烤馕","2","40","麦香浓郁，越嚼越香的西域风味","0","-1",""
"10002019","烤生蚝","2","40","男人的加油站，蒜蓉多汁一口鲜","0","0","-44 6 | -27 -26 | -2 -33 | 31 -28 | 45 -7 | 35 14 | 14 29 | -38 28"
"10002020","烤红薯","4","40","蜜汁流出，冬日里暖呼呼的甜","0","0","-40 0 | -38 -27 | -15 -35 | 23 -30 | 39 -10 | 40 32 | 15 36 | -22 28"
"10002021","烤鱼排","4","40","鲜嫩无刺，焦香外皮极度诱人","0","0","-35 -12 | -15 -40 | 17 -41 | 36 -10 | 36 8 | 26 27 | -2 43 | -25 28 | -35 5"
"10002022","烤青椒","1","40","虎皮微焦，香辣过瘾超下饭","0","0","-35 -12 | -22 -41 | 25 -39 | 39 4 | 36 26 | -2 43 | -37 22"
"10002023","烤牛排","4","40","滋滋作响，肉汁紧锁的西式烧烤","0","0","-41 -8 | -23 -29 | 7 -33 | 36 -18 | 40 -2 | 40 13 | 22 16 | 11 34 | -37 22"
"10002024","脆皮五花","4","40","嘎嘣脆，肥而不腻的终极诱惑","0","0","-39 -21 | 3 -35 | 36 -18 | 39 22 | -7 35 | -40 19"
"10002025","蒜蓉茄子","3","40","蒜蓉铺满，果肉软烂比肉还香","0","0","-39 -21 | -5 -35 | 32 -19 | 38 15 | 24 30 | -4 36 | -30 28 | -44 8"
"10002026","烤肘子","4","40","霸气外露，皮酥肉烂的硬核美味","0","0","-45 -11 | -27 -28 | 29 -22 | 40 10 | 28 32 | -4 36 | -44 8"
"10002027","烤鸡腿","4","40","大口吃肉，丰厚肉汁超级满足","0","0","-44 -8 | -18 -24 | 6 -19 | 25 -35 | 42 -5 | 20 2 | 8 30 | -12 37 | -39 29 | -46 5"
"10002028","烤土豆片","2","40","绵软带脆，麻辣入味的小零嘴","0","0","-42 -18 | -30 -25 | -34 -35 | -14 -44 | -6 -34 | 6 -35 | 37 19 | 30 37 | 8 43 | -16 36"
"10002029","烤四季豆","1","40","熟透才香，爽脆入味的烧烤必备","0","0","-42 -18 | -30 -25 | -34 -35 | -14 -44 | -6 -34 | 6 -35 | 37 19 | 30 37 | 8 43 | -16 36"
"10002030","烤黄瓜","1","40","意想不到的爽脆，烧烤界的小清新","0","0","-42 -18 | -30 -25 | -34 -35 | -14 -44 | -6 -34 | 6 -35 | 37 19 | 30 37 | 8 43 | -16 36"
"10002031","烤牛排","2","40","油脂滋滋作响，肉食动物狂欢","0","0","40.9 -14.7 | 39.5 24.6 | -6.5 38.2 | -42 14.5 | -39.6 -20.4 | 4.7 -39.3"
"10002032","烤青甜椒","1","40","微甜不辣，烤后更清甜的解腻王","0","0","38.5 -13.6 | 39.8 8.2 | 23.3 32.6 | -1.5 39.5 | -22.4 30.9 | -42 -15.9 | -7.7 -44.8"
"10002033","烤黄甜椒","2","40","外皮微焦内里爆汁，烧烤天花板","0","0","38.5 -13.6 | 39.8 8.2 | 23.3 32.6 | -1.5 39.5 | -22.4 30.9 | -42 -15.9 | -7.7 -44.8"
"10002034","烤茄子","4","40","蒜香与软烂茄肉融合，深夜必点","0","0","38.5 -13.6 | 39.8 8.2 | 23.3 32.6 | -1.5 39.5 | -22.4 30.9 | -42 -15.9 | -7.7 -44.8"
"10002035","考紫薯","4","40","炭火逼出软糯香甜，比蒸吃更香","0","0","-1.6 -35.3 | 31.7 -14 | 42.7 28.3 | 32.5 36.3 | -3.9 31.8 | -29.2 8.4 | -40.2 -27.9 | -33.7 -37.1"
"10002036","考番茄","4","40","加热后酸甜爆汁，热烈浓郁","0","0","-14.8 -39.5 | 32.1 -30.3 | 43.1 -5 | 36.6 18.8 | 23.5 31.1 | -33.7 20.7 | -41.9 1.5 | -39.9 -13.9 | -33.4 -29.2"
"10002101","翡翠青花菜","1","40","鲜绿如翡翠，健康美味的烤蔬菜","0","0","-35.3 -31.7 | -18.6 -42.5 | 35.7 -19.6 | 38.8 11.1 | 19.1 36.4 | -6.3 40.5 | -37.1 29.1"
"10002102","红帽戴戒菇","4","40","造型奇特，蕴含浓郁酱香的奇幻菇","0","0","-17.8 -38.9 | -3.6 -40.9 | 37.6 -8.4 | 38.8 11.1 | 23.5 33.9 | 0.3 43 | -31.2 31.6 | -38.4 15.7 | -25.7 -30.4"
"10002103","金箔糖心瓜","2","40","奢华金箔，裹着甜如蜜的糖心","0","0","21.5 -32.3 | 37.3 -18.1 | 41.9 6.1 | 23.5 28.6 | -20.4 29.6 | -42.1 8.5 | -38 -15.4 | -24.2 -28.3 | 0.7 -36.6"
"10003001","甜甜圈","4","40","彩色糖针，圈出你的甜蜜生活","0","0","-42.8 -11.2 | -30 -30.2 | -2 -40 | 26.6 -33.9 | 43.3 -18 | 44.2 -1.6 | 40.6 22.1 | 20.8 35.3 | -0.4 40 | -28.6 31.9 | -42.8 19.2"
"10003002","绿色橡皮糖","1","42","Q弹有嚼劲，酸甜清爽的青草香","0","0","-22.3 40 | -23.3 26.6 | -33.5 -12.5 | -33.5 -38.5 | -10.5 -43.3 | 27.7 -44.3 | 36.1 -13.9 | 34.7 35.2 | 23.8 39.5 | -0.2 45.5"
"10003003","粉色马卡龙","4","42","少女心爆棚，法式浪漫的精致甜点","0","0","-44.1 4.9 | -41.2 -15.4 | -31.5 -31.1 | -2.5 -39.4 | 31.3 -32.7 | 44.2 -10.9 | 42.4 12.8 | 33.8 33.1 | 2.3 39.1 | -21.4 35.5 | -41.9 21.4"
"10003004","黄色布丁","2","40","奶香浓郁，DuangDuang的滑嫩口感","0","0","-31.4 -29.3 | -41.1 -5.8 | -47.4 -25.1 | -6.2 -39.9 | 46.4 -32.2 | 45.1 -6.3 | 27.5 35.2 | -4.7 40.7"
"10003005","粉色爱心糖","4","40","把爱意融进糖里，甜到你心里","0","0","-42.9 34.5 | -43.8 -12.1 | 2.8 -43 | 39.2 -21 | 44.7 23.7 | 33.3 38.8 | -2.9 37.6"
"10003006","橙色爱心糖","4","40","活力满满，橘子风味的爱心硬糖","0","0","-42.9 34.5 | -43.8 -12.1 | -7 -45.2 | 40.5 -18.8 | 46.5 17.4 | 33.3 38.8 | 2 37.6 | -20.9 45.1"
"10003007","橘子糖","2","42","水果风味，外裹一层亮晶晶的白糖","0","0","-36.7 -14.5 | -18.8 -30.7 | 5.8 -34.1 | 30.5 -24.6 | 40.7 -4.4 | 42.5 17.3 | 39.6 21.9 | -21.4 31 | -34.3 34.8 | -42.2 22.7"
"10003008","奥利奥","2","42","扭一扭舔一舔，经典的黑白配","0","0","-43.7 12.5 | -43 -15.4 | -31 -30.2 | -4.7 -38 | 24.6 -35.3 | 42.9 -17.2 | 43.7 9.6 | 32.9 31.3 | -0.4 38.2 | -30.9 32"
"10003009","棕色冰激凌","2","45","浓郁巧克力，夏日消暑的丝滑享受","0","0","-45 10.7 | -40.3 -26.1 | -17.2 -39.3 | 6.7 -43.4 | 36.3 -31 | 43.7 -6.1 | 40.1 21.4 | 12.6 42.7 | -24.7 37.4"
"10003010","绿色蛋糕卷","1","45","抹茶清新，细腻慕斯入口即化","0","0","-44.1 10.7 | -40.3 -26.1 | -17.2 -39.3 | 5.4 -38.9 | 41.2 -19.4 | 43.7 9.6 | 29.4 35.7 | 2.3 39.1 | -25.1 30.7"
"10003011","紫色星星糖","3","40","漫天繁星，把梦想吃进嘴里","0","0","-42 19.3 | -42 -20.2 | -25 -43.6 | 27.9 -43.7 | 43.6 -7.6 | 43.9 20.6 | -0.2 43.4"
"10003012","橙色橡皮糖","2","40","嚼劲十足，满口浓郁的橙汁味","0","0","-25.9 42.6 | -28.1 5.9 | -32.6 -26.4 | -24.6 -40.5 | 27.5 -45 | 34.2 -0.9 | 34.9 27.3 | 28.3 40.9 | 2.1 44.3"
"10003013","红色棒棒糖","4","40","经典草莓味，含在嘴里快乐翻倍","0","0","-41.6 4.5 | -29.5 -31.5 | 17.2 -45 | 40.5 4.9 | 29.7 33.5 | 2.1 44.3 | -26.9 38.2"
"10003014","巧克力","2","40","丝滑醇厚，苦甜交织的浪漫滋味","0","0","-47.8 -22.4 | 17.2 -45 | 46.8 20.6 | 29.7 33.5 | -22.4 43.6"
"10003015","粉色宝石糖","4","40","水晶般璀璨，满足你的少女心","0","0","-45.1 -22.4 | 6.9 -48.6 | 41.5 -18.4 | 44.1 19.3 | 19 42.5 | -17.9 41.4 | -42.7 19.7"
"10003016","三色糖","1","40","三重风味，一口体验多层次甜蜜","0","0","-43.3 -22.4 | 3.8 -43.2 | 44.6 -15.3 | 44.1 19.3 | -3.1 43.6 | -42.7 19.7"
"10003017","黄色宝石糖","2","42","柠檬般酸甜，亮闪闪的硬糖结晶","0","0",""
"10003018","绿色宝石糖","1","42","薄荷微凉，如翡翠般精致的硬糖","0","0",""
"10003019","橙子糖","2","42","酸甜多汁，浓缩了一整颗橙子的快乐","0","0","-43.7 11.6 | -41.2 -15.4 | -31.5 -31.1 | 0.2 -40.7 | 31.3 -32.7 | 44.2 -10.9 | 42.4 12.8 | 32.9 31.3 | -2.2 40.4 | -27.7 31.5"
"10003020","橙色棒棒糖","2","40","阳光柑橘，带给你的童年味道","0","0","-34.8 -14.8 | 19.6 -45.7 | 36.5 -15.7 | 38.3 32.3 | -7.1 48.5 | -39.2 24.2"
"10003021","粉色布丁","4","40","草莓奶香，粉嫩顺滑一口吃掉","0","0","-28.9 -34.1 | 2.8 -39.8 | 32.6 -33.3 | 40.2 -16.5 | 31.8 29.7 | 0.8 41.4 | -30.9 28.9 | -41.3 -18.9"
"10003022","棕色奶油","2","40","醇厚摩卡，丝滑如绸的小点缀","0","0","-46.9 -40.7 | 46.4 -41.2 | 40.1 18.5 | -0.4 41.4 | -40.1 12.1"
"10003023","棕色蛋糕卷","2","39","浓郁可可，下午茶的绝佳伴侣","1","0",""
"10003024","红色口哨糖","4","42","能吃又能吹，童趣十足的小零食","0","0",""
"10003025","威化饼干","2","45","层层酥脆，麦香与奶香的完美结合","0","0","-43.3 -23.7 | -7.4 -40.5 | 43.7 -11.7 | 43.7 27 | 5.9 41.4 | -44.1 15.2"
"10003026","蓝色宝石糖","3","42","蓝莓风味，深邃如海的甜蜜结晶","0","0","-43.3 2.2 | -43 -15.4 | -28.8 -35.1 | 0.2 -40.7 | 27.7 -31.4 | 43.3 -5.1 | 42.4 12.8 | 32.9 31.3 | 8.5 40 | -27.7 31.1"
"10003027","太妃糖","2","45","焦香浓郁，粘牙却让人欲罢不能","0","0","-44.6 -18.8 | -1.1 -42.7 | 43.3 -20.2 | 43.3 22.5 | -0.4 41.8 | -42.8 19.2"
"10003028","绿色水晶糖","1","45","清爽薄荷，晶莹剔透好心情","0","0","-42.4 5.3 | -43 -15.4 | -32.8 -33.3 | -4.7 -38 | 25 -25.1 | 43.3 -5.1 | 43.7 18.6 | 32.9 31.3 | 7.2 38.2 | -23.7 26.6"
"10003029","奶油糖","2","43","浓郁纯正，满口长久的浓浓奶香","0","0",""
"10003030","紫色宝石糖","3","41","葡萄甜香，璀璨迷人的紫色糖果","0","0",""
"10003031","花生糖","2","40","","0","0","41.5 -9.2 | 42.4 9.6 | -0.9 34.8 | -39.5 9.9 | -40.1 -7.2 | 0 -36.1"
"10003032","青柠硬糖","1","40","","0","0","14 -24 | 44.3 8.3 | 24.7 36.9 | -14.1 23.6 | -42.5 -7.5 | -22.5 -37.9"
"10003033","黄布丁","2","40","","0","0","42.8 -16.9 | 30.6 25.2 | 17.9 35.8 | -20.4 35 | -31.3 23.9 | -41.4 -15.2 | -28.5 -32.3 | 0.9 -38.1 | 30.4 -31.3"
"10003034","棉花糖","3","40","","0","0","33.8 35 | -0.8 40.53 | -32.6 34 | -33.7 -32 | 2.6 -44.2 | 34.8 -31.3"
"10003035","夹心糖","3","42","","0.5","0",""
"10003036","水滴糖","4","40","","0","0","35.6 2.3 | 7.7 42 | -5.7 42.2 | -33.6 4 | -35.5 -13.2 | -22 -34.8 | 2 -44 | 22.9 -34.8 | 36.8 -12.9"
"10003101","蓝钻慕斯","2","40","艺术品般的外观，高端奢华的冰爽","0","0","27.3 -34.8 | 41.3 14.1 | 31.3 31.8 | 0.3 42.7 | -29 35 | -41.6 10.6 | -27.8 -33.9 | 0 -43.1"
"10003102","红冠布丁","4","40","戴着红色皇冠，布丁界的傲娇贵族","0","0","36 -29 | 41.7 -10.1 | 31.5 16.4 | 0.3 42 | -29.2 18.2 | -40.8 -4.2 | -37.4 -23.8 | -25.3 -37.5 | -3.3 -42.7 | 23.7 -38.6"
"10003103","紫晶蛋糕","3","40","紫色梦幻，尊贵神秘的甜品盛宴","0","0","37.6 -26.1 | 37.8 24.2 | 0.3 42 | -38.1 27.4 | -37 -26.7 | -25.3 -37.5 | -3.3 -42.7 | 23.7 -38.6"
"10004001","海蓝面霜","1","40","奢华修护肌底，重塑柔嫩弹润感。","0","0","-24.8 35.2 | -35.5 28.6 | -35.7 -31.1 | -30.1 -37.3 | 31.3 -38.1 | 36.5 -30.4 | 35.7 28.5 | 24.9 36.2"
"10004002","粉饼","4","40","一拍即隐毛孔，打造清透哑光肌。","0","0","-15.5 40.8 | -30.8 36.1 | -33.5 -33.6 | -13.9 -42.3 | 21.8 -40.7 | 33.1 -34.7 | 31.4 35.1 | 19.9 39.9"
"10004003","莱伯面霜","2","40","尊享贵妇级滋养，焕发紧致光采。","0","0","-15.5 40.8 | -38.3 30.2 | -38.2 -16.1 | -24.8 -36.1 | 0.6 -43.2 | 26.9 -32.8 | 37.7 -13.5 | 37.3 30.4 | 19.9 39.9"
"10004004","化妆镜","3","40","高清清晰成像，随时照亮你的美。","0","0","3.5 43.3 | -13.9 34.9 | -24.4 11.3 | -32 -32.6 | -30.9 -40.1 | -20 -42.3 | 23.4 -10.7 | 34.7 7.7 | 31.6 27.5 | 21.5 41.1"
"10004005","补水面霜","3","40","深层密集补水，告别干痒紧绷感。","0","0","35.4 32.4 | 13.1 41.6 | -12.4 41.3 | -33.2 31.8 | -33.6 -32.2 | -11.8 -40.7 | 15 -41 | 34.9 -31.9"
"10004006","菁纯面霜","2","40","高能抗老修护，定格年轻好状态。","0","0","37.3 32.7 | 13.1 41.6 | -12.4 41.3 | -36.3 31.8 | -38 -31.6 | -11.8 -40.7 | 15 -41 | 38.6 -32.5"
"10004007","福特香水","3","40","高端木质调，彰显独特气场魅力。","0","0","28.6 42.4 | -27.6 43.2 | -28 -41.9 | 28.6 -42.2"
"10004008","美妆蛋","2","40","软糯高弹吃粉少，上妆贴肤自然。","0","0","21.5 24.7 | 1.3 43.2 | -16.7 28.1 | -32.3 -0.6 | -31.4 -20.4 | -18.4 -35.7 | -4.3 -42.4 | 16 -38.6 | 32 -26 | 34.5 -5.2"
"10004009","女士香水","2","40","优雅浪漫花香，散发迷人魅力。","0","0","13.1 42.5 | -11.2 43.5 | -30.4 -0.3 | -31.4 -20.4 | -12.9 -42.2 | 13.8 -42.7 | 32 -26 | 32.3 -2.7"
"10004010","面膜","2","40","给肌肤喝饱水，15分钟焕亮。","0","0","29 32.5 | 8.1 44.1 | -18.9 35.3 | -38.6 -6 | -36.9 -28.2 | -23 -40.2 | 6.1 -41.3 | 32.6 -25.8 | 39.6 1.5"
"10004011","蝴蝶香水","3","40","清甜花果香，如蝴蝶般灵动。","0","0","14 42.2 | -8.5 43.8 | -26.1 6.6 | -28.6 -28.2 | -17.4 -40.8 | 14.5 -42.2 | 29.5 -33 | 29.3 4.6"
"10004012","散粉刷","3","40","柔软抓粉均匀，定妆轻薄透亮。","0","0","3.7 44.7 | -7.9 38.5 | -40.5 -32.4 | -36.1 -41.9 | -26.1 -43.3 | 37 -3.2 | 41.4 12.8 | 29.9 32.1"
"10004013","腮红盒","3","40","轻轻一抹提气色，打造少女感。","0","0","33.6 36.8 | -32.3 37.6 | -40.6 15.2 | -35.2 -36.3 | 35.5 -36.3 | 40 16.8"
"10004014","粉扑","2","41","触感细腻回弹好，底妆服帖无痕。","0","0",""
"10004015","润肤面霜","3","40","长效锁水保湿，赋予柔嫩触感。","0","0","30.8 37.8 | -13 40.7 | -34.9 30.8 | -37.7 11.4 | -35.2 -15.9 | -30 -30.1 | -13.7 -40.5 | 9.1 -41.9 | 30.5 -31 | 36.7 -13.5 | 38.4 17.1"
"10004016","古驰香水","1","40","经典复古香调，彰显奢华时尚感。","0","0","20 42.5 | -18 43.2 | -27 16.8 | -28 -41.5 | 28.6 -41.9 | 27.7 18.2"
"10004017","毒药香水","3","40","神秘蛊惑气息，令人一试倾心。","0","0","-10.5 40.6 | -31.7 1 | -32.8 -16.2 | -17.3 -41.5 | 18.5 -41.8 | 32.7 -21.2 | 34.5 -2.5 | 11.1 40.8"
"10004018","散粉","3","41","一秒吸油无痕，锁住全天精致。","0","0",""
"10004019","眼霜","3","40","淡化眼纹黑眼圈，守护明亮双眸。","0","0","-17.5 31.8 | -32.1 23.1 | -41.6 4.1 | -40.9 -29.3 | -33 -37.8 | -8.3 -42.8 | 27.3 -40 | 40.8 -28.9 | 41.1 5.2 | 31.3 23.3 | 11.5 34.9"
"10004020","漱口水","1","40","清新一口气，随时随地保持洁净。","0","0","11.9 42.5 | -9.9 42.9 | -28.6 15.6 | -28.6 -37.4 | 0.4 -43.2 | 28.9 -37.5 | 28.6 18.2"
"10004021","精华液","1","40","滴滴高浓滋养，强韧修护肌底。","0","0","-11.2 20.4 | -36.5 -16 | -32 -29.8 | -12 -43.7 | 2.8 -42.8 | 26.2 -7.6 | 32 12 | 35.2 36.1 | 26.5 43.6 | 6.3 33.8"
"10004022","护手霜","3","40","滋润不黏腻，给双手SPA护理。","0","0","-9.4 -41.5 | 9.1 -41.7 | 20.3 -36.3 | 33.7 41.6 | -32.1 41 | -18.8 -35.1"
"10004023","眼影","3","40","色彩丰富百搭，打造百变眼妆。","0","0","0.9 -37 | 27.8 -28.7 | 40 -14 | 39.9 14.7 | 27.9 30.2 | -0.1 37.6 | -25 31.1 | -39.5 16.5 | -39.7 -13.7 | -24.7 -30.4"
"10004024","小棕瓶","3","40","夜间密集修护，抗老维稳一把手。","0","0","-7.9 -43.8 | 27.5 -37.8 | 27.5 10.2 | 3.9 42.4 | -3.9 42.5 | -28.1 13.5 | -28.2 -31.7"
"10004025","牛油果眼霜","1","40","高能滋润保湿，告别眼周干纹。","0","0","-12.7 -39.4 | 39.2 -29.6 | 39.7 6.8 | 30.7 30.7 | 14.3 37.8 | -13 38.1 | -28.9 32.2 | -38.8 13.9 | -38.9 -22.9"
"10004026","思哲香水","1","40","风度翩翩香气，尽显优雅绅士范。","0","0","-26.3 -35 | -17.8 -43.3 | 20.9 -43.3 | 29.2 -34.4 | 29.4 7.2 | 17.8 39.9 | -15.2 39.6 | -26.3 8.6"
"10004027","梵希香水","4","40","高定优雅香调，散发独特高贵感。","0","0","-29.5 -13.3 | -15.6 -40.4 | 16.8 -40.4 | 29.6 -11.2 | 29.1 4.6 | 8 39.9 | -8.3 39.6 | -30.2 1.5"
"10004028","吹风机","4","40","强劲风力速干，顺滑抚平毛躁。","0","0","-42.2 -37.6 | -37 -43.6 | 34.5 -3.7 | 40.5 6.5 | 40.5 17.6 | 20.1 40.8 | 7.6 41.7 | -4 34.3"
"10004029","薰衣草香囊","3","40","天然薰衣草香，舒缓身心好助眠。","0","0","-38.2 -26 | 17.4 -43.6 | 32.1 25.8 | 21.3 40.5 | 6 43.9 | -8.2 39.5"
"10004030","碧水面霜","1","41","清爽水润触感，源源不断补水。","0","0",""
"10004031","干发帽","1","40","深层滋养紧致，提亮暗沉疲惫肌。","0","-3",""
"10004032","金绿面霜","1","41","超强吸水速干，减少发丝热损伤。","0","0",""
"10004033","红色化妆包","4","40","草本植萃修护，调理水油平衡肌。","0","0","-42.3 -21 | -22.4 -35.7 | 42.7 -19.9 | 37.7 23.3 | 17.6 36.1 | -34.9 24.2"
"10004034","发圈","2","40","高级大容量，出行美妆一包搞定。","0","-1",""
"10004035","兰紫面霜","3","40","高弹不伤发，轻松打造百变造型。","0","0","-37.6 5.2 | -30.6 -20.1 | -15.2 -37.6 | 16.8 -36.8 | 27.4 -25.9 | 37.5 3 | 35.2 30.8 | 0.4 38.9 | -34 31.4"
"10004036","黑鸦香水","3","40","甜酷摇滚香调，让人欲罢不能。","0","0","-28.5 -39.4 | 29.7 -39.7 | 28.9 16.1 | 5.8 40.4 | -5.8 40.1 | -28.4 16.7"
"10004101","金翡御龄霜","1","40","奢华御龄抗老，焕发翡翠般光泽。","0","0","-42.9 2.7 | -31.5 -36.3 | -2.7 -43 | 32.7 -37.1 | 43.5 0.5 | 36.7 33.2 | 0.4 42.9 | -37.1 33.6"
"10004102","朱殷红妆膏","4","40","古风古典红润，提亮气色自然好。","0","0","-42.6 0.5 | -39.9 -31.6 | -2.7 -43 | 39.3 -32.4 | 42.9 -4.2 | 36.7 30.7 | 0.4 42.9 | -38 30.8"
"10004103","星海琉璃脂","3","42","晶莹璀璨如星海，极致奢润唇肌。","0","-1",""
