"id","targetCount","fruitTypeCount","downType","quistFlowerCount","holeCount","holeFruit","iceCount","scatterType","blockCount","ropeCount","fireCount","isWood","exchangeCount"
"编号","目标消除数","水果种类数","掉落方向(0纵/1右/2左)","问号花","洞口","洞口水果数","冰块","散布类型","多边形","绳子数量","大火数量","树桩","交换次数"
"1","12","3","0","0","0","0","0","0","0","0","0","0","0"
"2","174","23","0","0","0","0","0","0","0","0","0","0","0"
"3","100","17","0","0","0","0","0","0","0","0","0","0","0"
"4","112","17","1","0","0","0","0","0","0","0","0","0","0"
"5","120","18","0","0","0","0","0","0","0","0","0","0","0"
"6","130","19","0","5","0","0","0","1","0","0","0","0","0"
"7","160","22","0","5","0","0","0","0","0","0","0","0","0"
"8","170","22","0","0","0","0","0","0","0","0","0","0","6"
"9","180","18","2","0","0","0","0","0","0","0","0","0","0"
"10","86","27","0","0","2","15","0","0","0","0","0","0","0"
"11","172","25","0","0","0","0","0","0","0","0","0","0","0"
"12","174","25","0","0","0","0","0","0","0","0","0","1","0"
"13","176","25","0","0","0","0","0","0","0","0","0","0","0"
"14","178","18","1","0","0","0","0","0","0","0","0","0","0"
"15","180","23","0","0","0","0","0","0","0","0","0","0","0"
"16","182","18","0","6","0","0","0","2","0","0","0","0","0"
"17","184","23","0","6","0","0","0","0","0","0","0","0","0"
"18","186","23","0","0","0","0","0","0","0","0","0","0","12"
"19","188","18","2","0","0","0","0","0","0","0","0","0","0"
"20","88","27","0","0","3","20","0","0","0","0","0","0","0"
"21","192","26","0","7","0","0","7","0","0","0","0","0","0"
"22","194","26","0","0","0","0","0","0","0","0","0","1","0"
"23","196","26","0","0","0","0","0","0","0","0","0","0","0"
"24","200","20","1","0","0","0","0","0","0","0","0","0","0"
"25","200","24","0","0","0","0","0","0","0","0","0","0","0"
"26","202","24","0","7","0","0","0","3","0","0","0","0","0"
"27","204","27","0","7","0","0","0","0","5","0","0","0","0"
"28","206","27","0","0","0","0","0","0","0","0","0","0","18"
"29","208","24","2","0","0","0","0","0","0","0","0","0","0"
"30","88","28","0","5","3","21","0","0","0","0","0","0","0"
"31","210","25","0","0","0","0","0","0","5","0","0","0","0"
"32","210","27","0","5","0","0","0","0","0","0","0","1","10"
"33","210","27","0","0","0","0","0","0","0","0","0","0","0"
"34","210","25","1","0","0","0","0","0","0","0","0","0","0"
"35","212","25","0","0","0","0","0","0","0","0","0","0","0"
"36","212","25","0","7","0","0","0","4","0","0","0","0","0"
"37","212","27","0","0","0","0","0","0","0","0","0","0","0"
"38","212","27","0","7","0","0","0","0","0","0","0","0","12"
"39","212","25","2","0","0","0","0","0","0","0","0","0","0"
"40","90","28","0","0","3","22","0","0","0","0","0","0","0"
"41","214","25","0","7","0","0","0","0","0","0","0","0","0"
"42","214","27","0","0","0","0","0","0","0","0","0","1","0"
"43","214","27","0","0","0","0","0","0","0","0","0","0","0"
"44","214","26","1","0","0","0","0","0","0","0","0","0","0"
"45","216","26","0","0","0","0","0","0","0","0","0","0","0"
"46","216","26","0","7","0","0","0","1","0","0","0","0","0"
"47","216","27","0","7","0","0","0","0","5","0","0","0","0"
"48","216","27","0","0","0","0","0","0","0","0","0","0","18"
"49","216","26","2","0","0","0","0","0","0","0","0","0","0"
"50","92","28","0","5","3","23","0","0","0","0","0","0","0"
"51","218","27","0","0","0","0","0","0","0","0","0","0","0"
"52","218","27","0","5","0","0","0","0","0","0","0","1","10"
"53","218","27","0","0","0","0","0","0","0","0","0","0","0"
"54","218","27","1","0","0","0","0","0","0","0","0","0","0"
"55","220","27","0","0","0","0","0","0","0","0","0","0","0"
"56","220","27","0","7","0","0","0","2","0","0","0","0","0"
"57","220","27","0","0","0","0","0","0","0","0","0","0","0"
"58","220","27","0","7","0","0","0","0","0","0","0","0","12"
"59","220","27","2","0","0","0","0","0","0","0","0","0","0"
"60","94","28","0","0","3","21","0","0","0","0","0","0","0"
"61","222","27","0","7","0","0","7","0","0","0","0","0","0"
"62","222","27","0","0","0","0","0","0","0","0","0","1","0"
"63","222","27","0","0","0","0","0","0","0","0","0","0","0"
"64","222","27","1","0","0","0","0","0","0","0","0","0","0"
"65","224","27","0","0","0","0","0","0","0","0","0","0","0"
"66","224","27","0","7","0","0","0","3","0","0","0","0","0"
"67","224","27","0","7","0","0","0","0","5","0","0","0","0"
"68","224","27","0","0","0","0","0","0","0","0","0","0","18"
"69","224","27","2","0","0","0","0","0","0","0","0","0","0"
"70","94","28","0","5","3","22","0","0","0","0","0","0","0"
"71","226","27","0","0","0","0","0","0","5","0","0","0","0"
"72","226","27","0","5","0","0","0","0","0","0","0","1","10"
"73","226","27","0","0","0","0","0","0","0","0","0","0","0"
"74","226","27","1","0","0","0","0","0","0","0","0","0","0"
"75","228","27","0","0","0","0","0","0","0","0","0","0","0"
"76","228","27","0","7","0","0","0","4","0","0","0","0","0"
"77","228","27","0","0","0","0","0","0","0","0","0","0","0"
"78","228","27","0","7","0","0","0","0","0","0","0","0","12"
"79","228","27","2","0","0","0","0","0","0","0","0","0","0"
"80","94","28","0","0","3","23","0","0","0","0","0","0","0"
"81","230","25","0","7","0","0","0","0","0","0","0","0","0"
"82","230","25","0","0","0","0","0","0","0","0","0","1","0"
"83","230","25","0","0","0","0","0","0","0","0","0","0","0"
"84","230","26","1","0","0","0","0","0","0","0","0","0","0"
"85","232","26","0","0","0","0","0","0","0","0","0","0","0"
"86","232","26","0","7","0","0","0","1","0","0","0","0","0"
"87","232","26","0","7","0","0","0","0","5","0","0","0","0"
"88","232","26","0","0","0","0","0","0","0","0","0","0","18"
"89","232","26","2","0","0","0","0","0","0","0","0","0","0"
"90","94","28","0","5","3","23","0","0","0","0","0","0","0"
"91","234","27","0","0","0","0","0","0","0","0","0","0","0"
"92","234","27","0","5","0","0","0","0","0","0","0","1","10"
"93","234","27","0","0","0","0","0","0","0","0","0","0","0"
"94","234","27","1","0","0","0","0","0","0","0","0","0","0"
"95","236","27","0","0","0","0","0","0","0","0","0","0","0"
"96","236","27","0","7","0","0","0","2","0","0","0","0","0"
"97","236","27","0","0","0","0","0","0","0","0","0","0","0"
"98","236","27","0","7","0","0","0","0","0","0","0","0","12"
"99","236","27","2","0","0","0","0","0","0","0","0","0","0"
"100","96","28","0","0","3","21","0","0","0","0","0","0","0"
"101","238","27","0","0","0","0","7","0","0","0","0","0","0"
"102","238","27","0","0","0","0","0","0","0","0","0","1","0"
"103","238","27","0","0","0","0","0","0","0","0","0","0","0"
"104","238","27","1","0","0","0","0","0","0","0","0","0","0"
"105","238","27","0","0","0","0","0","0","0","0","0","0","0"
"106","238","27","0","7","0","0","0","3","0","0","0","0","0"
"107","238","27","0","7","0","0","0","0","0","0","0","0","0"
"108","238","27","0","0","0","0","0","0","0","0","0","0","18"
"109","238","27","2","0","0","0","0","0","0","0","0","0","0"
"110","96","28","0","0","3","22","0","0","0","0","0","0","0"
"111","240","27","0","0","0","0","0","0","5","0","0","0","0"
"112","240","27","0","0","0","0","0","0","0","0","0","1","0"
"113","240","27","0","0","0","0","0","0","0","0","0","0","0"
"114","240","27","1","0","0","0","0","0","0","0","0","0","0"
"115","240","27","0","0","0","0","0","0","0","0","0","0","0"
"116","240","27","0","7","0","0","0","4","0","0","0","0","0"
"117","240","27","0","7","0","0","0","0","0","0","0","0","0"
"118","240","27","0","0","0","0","0","0","0","0","0","0","12"
"119","240","27","2","0","0","0","0","0","0","0","0","0","0"
"120","98","28","0","0","3","23","0","0","0","0","0","0","0"
"121","242","25","0","0","0","0","0","0","0","0","0","0","0"
"122","242","25","0","0","0","0","0","0","0","0","0","1","0"
"123","242","25","0","0","0","0","0","0","0","0","0","0","0"
"124","242","26","1","0","0","0","0","0","0","0","0","0","0"
"125","242","26","0","0","0","0","0","0","0","0","0","0","0"
"126","242","26","0","7","0","0","0","1","0","0","0","0","0"
"127","242","26","0","7","0","0","0","0","0","0","0","0","0"
"128","242","26","0","0","0","0","0","0","0","0","0","0","18"
"129","242","26","2","0","0","0","0","0","0","0","0","0","0"
"130","98","28","0","0","3","23","0","0","0","0","0","0","0"
"131","244","27","0","0","0","0","0","0","0","0","0","0","0"
"132","244","27","0","0","0","0","0","0","0","0","0","1","0"
"133","244","27","0","0","0","0","0","0","0","0","0","0","0"
"134","244","27","1","0","0","0","0","0","0","0","0","0","0"
"135","244","27","0","0","0","0","0","0","0","0","0","0","0"
"136","244","27","0","7","0","0","0","2","0","0","0","0","0"
"137","244","27","0","7","0","0","0","0","0","0","0","0","0"
"138","244","27","0","0","0","0","0","0","0","0","0","0","12"
"139","244","27","2","0","0","0","0","0","0","0","0","0","0"
"140","100","28","0","0","3","21","0","0","0","0","0","0","0"
"141","246","27","0","0","0","0","7","0","0","0","0","0","0"
"142","246","27","0","0","0","0","0","0","0","0","0","1","0"
"143","246","27","0","0","0","0","0","0","0","0","0","0","0"
"144","246","27","1","0","0","0","0","0","0","0","0","0","0"
"145","246","27","0","0","0","0","0","0","0","0","0","0","0"
"146","246","27","0","7","0","0","0","3","0","0","0","0","0"
"147","246","27","0","7","0","0","0","0","0","0","0","0","0"
"148","246","27","0","0","0","0","0","0","0","0","0","0","18"
"149","246","27","2","0","0","0","0","0","0","0","0","0","0"
"150","102","28","0","0","3","22","0","0","0","0","0","0","0"
"151","248","27","0","0","0","0","0","0","5","0","0","0","0"
"152","248","27","0","0","0","0","0","0","0","0","0","1","0"
"153","248","27","0","0","0","0","0","0","0","0","0","0","0"
"154","248","27","1","0","0","0","0","0","0","0","0","0","0"
"155","248","27","0","0","0","0","0","0","0","0","0","0","0"
"156","248","27","0","7","0","0","0","4","0","0","0","0","0"
"157","248","27","0","7","0","0","0","0","0","0","0","0","0"
"158","248","27","0","0","0","0","0","0","0","0","0","0","12"
"159","248","27","2","0","0","0","0","0","0","0","0","0","0"
"160","104","28","0","0","3","23","0","0","0","0","0","0","0"
"161","248","25","0","0","0","0","0","0","0","0","0","0","0"
"162","248","25","0","0","0","0","0","0","0","0","0","1","0"
"163","248","25","0","0","0","0","0","0","0","0","0","0","0"
"164","248","26","1","0","0","0","0","0","0","0","0","0","0"
"165","248","26","0","0","0","0","0","0","0","0","0","0","0"
"166","250","26","0","7","0","0","0","1","0","0","0","0","0"
"167","248","26","0","7","0","0","0","0","0","0","0","0","0"
"168","248","26","0","0","0","0","0","0","0","0","0","0","18"
"169","248","26","2","0","0","0","0","0","0","0","0","0","0"
"170","104","28","0","0","3","23","0","0","0","0","0","0","0"
"171","248","27","0","0","0","0","0","0","0","0","0","0","0"
"172","248","27","0","0","0","0","0","0","0","0","0","1","0"
"173","248","27","0","0","0","0","0","0","0","0","0","0","0"
"174","248","27","1","0","0","0","0","0","0","0","0","0","0"
"175","248","27","0","0","0","0","0","0","0","0","0","0","0"
"176","252","27","0","7","0","0","0","2","0","0","0","0","0"
"177","248","27","0","7","0","0","0","0","0","0","0","0","0"
"178","248","27","0","0","0","0","0","0","0","0","0","0","12"
"179","248","27","2","0","0","0","0","0","0","0","0","0","0"
"180","104","28","0","0","3","21","0","0","0","0","0","0","0"
"181","248","27","0","0","0","0","7","0","0","0","0","0","0"
"182","248","27","0","0","0","0","0","0","0","0","0","1","0"
"183","248","27","0","0","0","0","0","0","0","0","0","0","0"
"184","248","27","1","0","0","0","0","0","0","0","0","0","0"
"185","248","27","0","0","0","0","0","0","0","0","0","0","0"
"186","254","27","0","7","0","0","0","3","0","0","0","0","0"
"187","248","27","0","7","0","0","0","0","0","0","0","0","0"
"188","248","27","0","0","0","0","0","0","0","0","0","0","18"
"189","248","27","2","0","0","0","0","0","0","0","0","0","0"
"190","106","28","0","0","3","22","0","0","0","0","0","0","0"
"191","248","27","0","0","0","0","0","0","5","0","0","0","0"
"192","248","27","0","0","0","0","0","0","0","0","0","1","0"
"193","248","27","0","0","0","0","0","0","0","0","0","0","0"
"194","248","27","1","0","0","0","0","0","0","0","0","0","0"
"195","248","27","0","0","0","0","0","0","0","0","0","0","0"
"196","256","27","0","7","0","0","0","4","0","0","0","0","0"
"197","248","27","0","7","0","0","0","0","0","0","0","0","0"
"198","248","27","0","0","0","0","0","0","0","0","0","0","12"
"199","248","27","2","0","0","0","0","0","0","0","0","0","0"
"200","106","28","0","0","3","23","0","0","0","0","0","0","0"
"201","248","25","0","0","0","0","0","0","0","0","0","0","0"
"202","248","25","0","0","0","0","0","0","0","0","0","1","0"
"203","248","25","0","0","0","0","0","0","0","0","0","0","0"
"204","248","26","1","0","0","0","0","0","0","0","0","0","0"
"205","248","26","0","0","0","0","0","0","0","0","0","0","0"
"206","258","26","0","7","0","0","0","1","0","0","0","0","0"
"207","248","26","0","7","0","0","0","0","0","0","0","0","0"
"208","248","26","0","0","0","0","0","0","0","0","0","0","18"
"209","248","26","2","0","0","0","0","0","0","0","0","0","0"
"210","106","28","0","0","3","23","0","0","0","0","0","0","0"
"211","248","27","0","0","0","0","0","0","0","0","0","0","0"
"212","248","27","0","0","0","0","0","0","0","0","0","1","0"
"213","248","27","0","0","0","0","0","0","0","0","0","0","0"
"214","248","27","1","0","0","0","0","0","0","0","0","0","0"
"215","248","27","0","0","0","0","0","0","0","0","0","0","0"
"216","260","27","0","7","0","0","0","2","0","0","0","0","0"
"217","248","27","0","7","0","0","0","0","0","0","0","0","0"
"218","248","27","0","0","0","0","0","0","0","0","0","0","12"
"219","248","27","2","0","0","0","0","0","0","0","0","0","0"
"220","106","28","0","0","3","21","0","0","0","0","0","0","0"
"221","248","27","0","0","0","0","7","0","0","0","0","0","0"
"222","248","27","0","0","0","0","0","0","0","0","0","1","0"
"223","248","27","0","0","0","0","0","0","0","0","0","0","0"
"224","248","27","1","0","0","0","0","0","0","0","0","0","0"
"225","248","27","0","0","0","0","0","0","0","0","0","0","0"
"226","262","27","0","7","0","0","0","3","0","0","0","0","0"
"227","248","27","0","7","0","0","0","0","0","0","0","0","0"
"228","248","27","0","0","0","0","0","0","0","0","0","0","18"
"229","248","27","2","0","0","0","0","0","0","0","0","0","0"
"230","106","28","0","0","3","22","0","0","0","0","0","0","0"
"231","248","27","0","0","0","0","0","0","5","0","0","0","0"
"232","248","27","0","0","0","0","0","0","0","0","0","1","0"
"233","248","27","0","0","0","0","0","0","0","0","0","0","0"
"234","248","27","1","0","0","0","0","0","0","0","0","0","0"
"235","248","27","0","0","0","0","0","0","0","0","0","0","0"
"236","264","27","0","7","0","0","0","4","0","0","0","0","0"
"237","248","27","0","7","0","0","0","0","0","0","0","0","0"
"238","248","27","0","0","0","0","0","0","0","0","0","0","12"
"239","248","27","2","0","0","0","0","0","0","0","0","0","0"
"240","106","28","0","0","3","23","0","0","0","0","0","0","0"
"241","248","25","0","0","0","0","0","0","0","0","0","0","0"
"242","248","25","0","0","0","0","0","0","0","0","0","1","0"
"243","248","25","0","0","0","0","0","0","0","0","0","0","0"
"244","248","26","1","0","0","0","0","0","0","0","0","0","0"
"245","248","26","0","0","0","0","0","0","0","0","0","0","0"
"246","266","26","0","7","0","0","0","1","0","0","0","0","0"
"247","248","26","0","7","0","0","0","0","0","0","0","0","0"
"248","248","26","0","0","0","0","0","0","0","0","0","0","18"
"249","248","26","2","0","0","0","0","0","0","0","0","0","0"
"250","106","28","0","0","3","23","0","0","0","0","0","0","0"
"251","248","27","0","0","0","0","0","0","0","0","0","0","0"
"252","248","27","0","0","0","0","0","0","0","0","0","1","0"
"253","248","27","0","0","0","0","0","0","0","0","0","0","0"
"254","248","27","1","0","0","0","0","0","0","0","0","0","0"
"255","248","27","0","0","0","0","0","0","0","0","0","0","0"
"256","268","27","0","7","0","0","0","2","0","0","0","0","0"
"257","248","27","0","7","0","0","0","0","0","0","0","0","0"
"258","248","27","0","0","0","0","0","0","0","0","0","0","12"
"259","248","27","2","0","0","0","0","0","0","0","0","0","0"
"260","106","28","0","0","3","21","0","0","0","0","0","0","0"
"261","248","27","0","0","0","0","7","0","0","0","0","0","0"
"262","248","27","0","0","0","0","0","0","0","0","0","1","0"
"263","248","27","0","0","0","0","0","0","0","0","0","0","0"
"264","248","27","1","0","0","0","0","0","0","0","0","0","0"
"265","248","27","0","0","0","0","0","0","0","0","0","0","0"
"266","268","27","0","7","0","0","0","3","0","0","0","0","0"
"267","248","27","0","7","0","0","0","0","0","0","0","0","0"
"268","248","27","0","0","0","0","0","0","0","0","0","0","18"
"269","248","27","2","0","0","0","0","0","0","0","0","0","0"
"270","106","28","0","0","3","22","0","0","0","0","0","0","0"
"271","248","27","0","0","0","0","0","0","5","0","0","0","0"
"272","248","27","0","0","0","0","0","0","0","0","0","1","0"
"273","248","27","0","0","0","0","0","0","0","0","0","0","0"
"274","248","27","1","0","0","0","0","0","0","0","0","0","0"
"275","248","27","0","0","0","0","0","0","0","0","0","0","0"
"276","268","27","0","7","0","0","0","4","0","0","0","0","0"
"277","248","27","0","7","0","0","0","0","0","0","0","0","0"
"278","248","27","0","0","0","0","0","0","0","0","0","0","12"
"279","248","27","2","0","0","0","0","0","0","0","0","0","0"
"280","106","28","0","0","3","23","0","0","0","0","0","0","0"
"281","248","25","0","0","0","0","0","0","0","0","0","0","0"
"282","248","25","0","0","0","0","0","0","0","0","0","1","0"
"283","248","25","0","0","0","0","0","0","0","0","0","0","0"
"284","248","26","1","0","0","0","0","0","0","0","0","0","0"
"285","248","26","0","0","0","0","0","0","0","0","0","0","0"
"286","268","26","0","7","0","0","0","1","0","0","0","0","0"
"287","248","26","0","7","0","0","0","0","0","0","0","0","0"
"288","248","26","0","0","0","0","0","0","0","0","0","0","18"
"289","248","26","2","0","0","0","0","0","0","0","0","0","0"
"290","106","28","0","0","3","23","0","0","0","0","0","0","0"
"291","248","27","0","0","0","0","0","0","0","0","0","0","0"
"292","248","27","0","0","0","0","0","0","0","0","0","1","0"
"293","248","27","0","0","0","0","0","0","0","0","0","0","0"
"294","248","27","1","0","0","0","0","0","0","0","0","0","0"
"295","248","27","0","0","0","0","0","0","0","0","0","0","0"
"296","268","27","0","7","0","0","0","2","0","0","0","0","0"
"297","248","27","0","7","0","0","0","0","0","0","0","0","0"
"298","248","27","0","0","0","0","0","0","0","0","0","0","12"
"299","248","27","2","0","0","0","0","0","0","0","0","0","0"
"300","106","28","0","0","3","21","0","0","0","0","0","0","0"
"301","248","27","0","0","0","0","7","0","0","0","0","0","0"
"302","248","27","0","0","0","0","0","0","0","0","0","1","0"
"303","248","27","0","0","0","0","0","0","0","0","0","0","0"
"304","248","27","1","0","0","0","0","0","0","0","0","0","0"
"305","248","27","0","0","0","0","0","0","0","0","0","0","0"
"306","268","27","0","7","0","0","0","3","0","0","0","0","0"
"307","248","27","0","7","0","0","0","0","0","0","0","0","0"
"308","248","27","0","0","0","0","0","0","0","0","0","0","18"
"309","248","27","2","0","0","0","0","0","0","0","0","0","0"
"310","106","28","0","0","3","22","0","0","0","0","0","0","0"
"311","248","27","0","0","0","0","0","0","5","0","0","0","0"
"312","248","27","0","0","0","0","0","0","0","0","0","1","0"
"313","248","27","0","0","0","0","0","0","0","0","0","0","0"
"314","248","27","1","0","0","0","0","0","0","0","0","0","0"
"315","248","27","0","0","0","0","0","0","0","0","0","0","0"
"316","268","27","0","7","0","0","0","4","0","0","0","0","0"
"317","248","27","0","7","0","0","0","0","0","0","0","0","0"
"318","248","27","0","0","0","0","0","0","0","0","0","0","12"
"319","248","27","2","0","0","0","0","0","0","0","0","0","0"
"320","106","28","0","0","3","23","0","0","0","0","0","0","0"
