"id","pointUpper","announcement","basis","count","range"
"编号","分数上限","公告","基础值","数量","范围"
"1","0","0","10","1, 1","6, 9"
"2","10","0","10","1, 1","6, 9"
"3","100","1","10","1, 1","6, 9"
"4","250","0","10","1, 1","6, 9"
"5","500","1","10","1, 1","6, 9"
"6","750","0","10","1, 1","6, 9"
"7","1000","1","10","1, 1","6, 9"
"8","1500","0","10","1, 2","3, 9"
"9","2000","0","10","1, 2","3, 9"
"10","3000","0","10","2, 3","3, 9"
"11","4000","0","10","2, 3","1, 9"
"12","5000","1","10","2, 3","1, 9"
"13","6000","0","10","2, 3","1, 9"
"14","7000","0","10","2, 3","1, 9"
"15","8000","0","10","2, 3","1, 9"
"16","10000","1","10","2, 3","1, 9"
"17","12000","0","10","3, 3","1, 9"
"18","14000","0","10","3, 3","1, 9"
"19","16000","0","10","3, 3","1, 9"
"20","18000","0","10","3, 3","1, 9"
"21","20000","1","10","3, 3","1, 9"
"22","25000","1","10","3, 3","1, 9"
"23","30000","1","10","3, 3","1, 9"
"24","35000","1","10","3, 3","1, 9"
"25","40000","1","10","3, 3","1, 9"
"26","45000","1","10","3, 3","1, 9"
"27","50000","1","10","3, 3","1, 9"
"28","55000","1","10","3, 3","1, 9"
"29","60000","1","10","3, 3","1, 9"
"30","65000","1","10","3, 3","1, 9"
"31","70000","1","10","3, 3","1, 9"
"32","75000","1","10","3, 3","1, 9"
"33","80000","1","10","3, 3","1, 9"
"34","85000","1","10","3, 3","1, 9"
"35","90000","1","10","3, 3","1, 9"
"36","95000","1","10","3, 3","1, 9"
"37","100000","1","10","3, 3","1, 9"
