"id","shape","block","rate"
"编号","形状矩阵(█=填充)","方块","权重/概率"
"1","·██ | ···","22","20"
"2","██· | ···","26","20"
"3","··· | ██·","24","20"
"4","··· | ·██","28","20"
"5","█· | █· | ··","23","20"
"6","·· | █· | █·","27","20"
"7","·█ | ·█ | ··","29","20"
"8","·· | ·█ | ·█","25","20"
"9","███ | ·██ | ··█","18","5"
"10","███ | ██· | █··","19","5"
"11","··█ | ·██ | ███","21","5"
"12","█·· | ██· | ███","20","5"
"13","·█ | ·· | ·█","17","20"
"14","█· | ·· | █·","15","20"
"15","█·█ | ···","14","20"
"16","··· | █·█","16","20"
"17","·██ | ·██ | ···","33","20"
"18","██· | ██· | ···","30","20"
"19","··· | ·██ | ·██","32","20"
"20","··· | ██· | ██·","31","20"
"21","·██ | ··█","18","5"
"22","██· | █··","19","5"
"23","··█ | ·██","21","5"
"24","█·· | ██·","20","5"
"25","██ | ·█ | ··","18","5"
"26","██ | █· | ··","19","5"
"27","·· | ·█ | ██","21","5"
"28","·· | █· | ██","20","5"
