"id","name","road","spine","itemName","condition","secret"
"编号","名称","路径资源","spine动画","道具名称","通关条件","秘密关卡"
"Hotpop","火锅","0","huoguo","食材","0","1101, 1102, 1103"
"Fruit","水果","1","heidong","水果","0","2101, 2102, 2103"
"Store","百货","0","lanzi","货物","0","3101, 3102, 3103"
"Cow","草地牛","0","","物品","0","101101, 101102, 101103"
"FruitSlice","水果切面","0","","水果","0",""
"Flower","花卉","0","","花儿","0","10001101, 10001102, 10001103"
"Barbecue","烧烤","0","","烧烤","0","10002101, 10002102, 10002103"
"Animals","动物","0","","动物","4","4101, 4102, 4103"
"Candy","糖果","0","","糖果","27","10003101, 10003102, 10003103"
"Cosmetics","化妆品","0","","化妆品","27","10004101, 10004102, 10004103"
