表号to[k],索引j,分块长度,标识符
0,0,2,v3
0,1,2,v2
0,2,2,to
0,3,2,cc
0,4,2,on
0,5,2,lv
0,6,2,ID
0,7,2,wx
0,8,2,bg
0,9,2,PI
0,10,2,tt
0,11,2,as
0,12,2,dy
0,13,2,dx
0,14,2,苹果
0,15,2,id
0,16,2,hp
0,17,2,西瓜
0,18,2,葡萄
0,19,2,by
0,20,2,os
0,21,2,石榴
0,22,2,no
0,23,2,d1
0,24,2,m1
0,25,2,澳门
0,26,2,荔枝
0,27,2,db
0,28,2,in
0,29,2,: 
0,30,2,香蕉
0,31,2,黄桃
0,32,2,台湾
0,33,2,空位
0,34,2,草莓
0,35,2,大枣
0,36,2,芒果
0,37,2,椰子
0,38,2,蜜瓜
0,39,2,蓝莓
0,40,2,枇杷
0,41,2,脐橙
0,42,2,冬枣
0,43,2,复活
0,44,2,ad
0,45,2,iv
0,46,2,成功
0,47,2,ax
0,48,2,ay
0,49,2,bx
0,50,2,柠檬
0,51,2,吉林
0,52,2,林芝
0,53,2,西藏
0,54,2,榴莲
0,55,2,杨梅
0,56,2,蜜桃
0,57,2,宁夏
0,58,2,青海
0,59,2,桑葚
0,60,2,包菜
0,61,2,南瓜
0,62,2,土豆
0,63,2,花菜
0,64,2,茄子
0,65,2,企鹅
0,66,2,小鸡
0,67,2,熊猫
0,68,2,狐狸
0,69,2,狮子
0,70,2,老虎
0,71,2,黑洞
0,72,2,水果
0,73,2,ri
0,74,2,北京
0,75,2,江苏
0,76,2,合肥
0,77,2,安庆
0,78,2,安徽
0,79,2,成都
0,80,2,四川
0,81,2,香梨
0,82,2,新疆
0,83,2,天津
0,84,2,三亚
0,85,2,海口
0,86,2,海南
0,87,2,蜜柚
0,88,2,福建
0,89,2,沙果
0,90,2,湖南
0,91,2,广东
0,92,2,广西
0,93,2,香港
0,94,2,绍兴
0,95,2,浙江
0,96,2,贵阳
0,97,2,安顺
0,98,2,贵州
0,99,2,莲雾
0,100,2,河北
0,101,2,兰州
0,102,2,天水
0,103,2,甘肃
0,104,2,河南
0,105,2,武汉
0,106,2,板栗
0,107,2,湖北
0,108,2,南昌
0,109,2,江西
0,110,2,西安
0,111,2,宝鸡
0,112,2,陕西
0,113,2,云南
0,114,2,上海
0,115,2,淄博
0,116,2,山东
0,117,2,重庆
0,118,2,太原
0,119,2,吕梁
0,120,2,山西
0,121,2,大连
0,122,2,沈阳
0,123,2,樱桃
0,124,2,辽宁
0,125,2,红杏
0,126,2,雪梨
0,127,2,桂圆
0,128,2,山楂
0,129,2,冬瓜
0,130,2,可颂
0,131,2,大蒜
0,132,2,山竹
0,133,2,曲奇
0,134,2,柿子
0,135,2,树莓
0,136,2,桃子
0,137,2,橘子
0,138,2,泡芙
0,139,2,洋葱
0,140,2,玉米
0,141,2,生姜
0,142,2,生菜
0,143,2,竹笋
0,144,2,苦瓜
0,145,2,荸荠
0,146,2,莲藕
0,147,2,菜心
0,148,2,菜瓜
0,149,2,葡挞
0,150,2,香菇
0,151,2,黄瓜
0,152,2,兔子
0,153,2,刺猬
0,154,2,博美
0,155,2,奶牛
0,156,2,松鼠
0,157,2,棕熊
0,158,2,橘猫
0,159,2,水母
0,160,2,河豚
0,161,2,海象
0,162,2,海兔
0,163,2,海星
0,164,2,海胆
0,165,2,海螺
0,166,2,海豚
0,167,2,海贝
0,168,2,海马
0,169,2,海龟
0,170,2,猴子
0,171,2,白鲸
0,172,2,章鱼
0,173,2,绵羊
0,174,2,羊驼
0,175,2,虎鲸
0,176,2,螃蟹
0,177,2,锦鲤
0,178,2,青蛙
0,179,2,鲨鱼
0,180,2,鹦鹉
0,181,2,黄牛
0,182,2,龙虾
0,183,2,未知
0,184,2, %
0,185,2,消除
0,186,2,刷新
0,187,2,甜品
0,188,2,蔬菜
0,189,2,动物
0,190,2,糖果
0,191,2,自己
0,192,2,qg
0,193,2,fg
0,194,2,st
0,195,2,ti
0,196,2,ap
0,197,2,第一
0,198,2,pt
0,199,2,>=
0,200,2,菇娘
0,201,2,大兴
0,202,2,平谷
0,203,2,大桃
0,204,2,南京
0,205,2,苏州
0,206,2,盐城
0,207,2,白果
0,208,2,芜湖
0,209,2,酥梨
0,210,2,苍溪
0,211,2,浦江
0,212,2,丑柑
0,213,2,和田
0,214,2,玉枣
0,215,2,徐堡
0,216,2,桑梓
0,217,2,琼中
0,218,2,绿橙
0,219,2,福州
0,220,2,厦门
0,221,2,泉州
0,222,2,芦柑
0,223,2,延边
0,224,2,舒兰
0,225,2,长沙
0,226,2,怀化
0,227,2,广州
0,228,2,深圳
0,229,2,珠海
0,230,2,贡柑
0,231,2,百色
0,232,2,融安
0,233,2,北流
0,234,2,武鸣
0,235,2,金桔
0,236,2,沃柑
0,237,2,拉萨
0,238,2,杭州
0,239,2,宁波
0,240,2,遵义
0,241,2,台北
0,242,2,台中
0,243,2,台南
0,244,2,高雄
0,245,2,凤梨
0,246,2,释迦
0,247,2,芭乐
0,248,2,承德
0,249,2,邯郸
0,250,2,民勤
0,251,2,金果
0,252,2,灵武
0,253,2,中卫
0,254,2,长枣
0,255,2,枸杞
0,256,2,郑州
0,257,2,洛阳
0,258,2,开封
0,259,2,荆州
0,260,2,襄阳
0,261,2,砂梨
0,262,2,宜春
0,263,2,广丰
0,264,2,蜜桔
0,265,2,渭南
0,266,2,富平
0,267,2,柿饼
0,268,2,西宁
0,269,2,民和
0,270,2,大理
0,271,2,昭通
0,272,2,大姚
0,273,2,核桃
0,274,2,马陆
0,275,2,南汇
0,276,2,奉贤
0,277,2,龙眼
0,278,2,济南
0,279,2,莱州
0,280,2,青岛
0,281,2,奉节
0,282,2,巫山
0,283,2,梁平
0,284,2,脆李
0,285,2,临汾
0,286,2,丹东
0,287,2,盘山
0,288,2,静海
0,289,2,茶淀
0,290,2,雪桃
0,291,2,潍坊
0,292,2,东营
0,293,2,哈密
0,294,2,黄山
0,295,2,昌平
0,296,2,通州
0,297,2,海淀
0,298,2,包头
0,299,2,铁岭
0,300,2,油桃
0,301,2,许昌
0,302,2,周口
0,303,2,南阳
0,304,2,屯门
0,305,2,沙田
0,306,2,元朗
0,307,2,昆明
0,308,2,普洱
0,309,2,柑橘
0,310,2,常德
0,311,2,邵阳
0,312,2,湘西
0,313,2,大同
0,314,2,秋柿
0,315,2,甜瓜
0,316,2,淮安
0,317,2,宿迁
0,318,2,金杏
0,319,2,汉中
0,320,2,随州
0,321,2,莆田
0,322,2,龙岩
0,323,2,三明
0,324,2,龙柚
0,325,2,文昌
0,326,2,邢台
0,327,2,清河
0,328,2,鸭梨
0,329,2,赣州
0,330,2,萍乡
0,331,2,甜柚
0,332,2,鲜枣
0,333,2,奉化
0,334,2,慈溪
0,335,2,普陀
0,336,2,松江
0,337,2,嘉定
0,338,2,蟠桃
0,339,2,南宁
0,340,2,玉林
0,341,2,永福
0,342,2,青梅
0,343,2,东莞
0,344,2,清远
0,345,2,中山
0,346,2,毕节
0,347,2,酥李
0,348,2,巴南
0,349,2,南岸
0,350,2,南充
0,351,2,内江
0,352,2,海东
0,353,2,鹿寨
0,354,2,长春
0,355,2,白桃
0,356,2,陇南
0,357,2,菠萝
0,358,2,柚子
0,359,2,==
0,360,2,sp
0,361,2,网格
0,362,2,第 
0,363,2, 关
0,364,2,向右
0,365,2,向左
0,366,2,中间
0,367,2,小雪
0,368,2,海洋
0,369,2,分享
0,370,2,视频
0,371,2,胜利
0,372,2,失败
0,373,2,er
0,374,2,小猪
0,375,2,小猫
0,376,2,小狗
0,377,2,小鸟
0,378,2,小兔
0,379,2,小熊
0,380,2,小虎
0,381,2,小龙
0,382,2,小马
0,383,2,小羊
0,384,2,小猴
0,385,2,小鸭
0,386,2,小鱼
0,387,2,狼人
0,388,2,恐龙
0,389,2,凤凰
0,390,2,大象
0,391,2,河马
0,392,2,斑马
0,393,2,袋鼠
0,394,2,钟理
0,395,2,Li
0,396,2,Wu
0,397,2,小明
0,398,2,小红
0,399,2,小刚
0,400,2,小丽
0,401,2,小华
0,402,2,小强
0,403,2,小美
0,404,2,小杰
0,405,2,文静
0,406,2,建国
0,407,2,建军
0,408,2,爱国
0,409,2,爱民
0,410,2,志强
0,411,2,美丽
0,412,2,秀英
0,413,2,Bg
0,414,2,球球
0,415,2,ai
0,416,2,超过
0,417,2,[]
0,418,2,{}
0,419,2,MG
0,420,2,jd
0,421,2,别人
0,422,2,第二
0,423,2,第三
0,424,2,", "
0,425,2,打乱
0,426,2,订阅
0,427,2, 次
1,0,3,ins
1,1,3,key
1,2,3,_RF
1,3,3,get
1,4,3,pop
1,5,3,off
1,6,3,set
1,7,3,pos
1,8,3,min
1,9,3,sdk
1,10,3,now
1,11,3,top
1,12,3,max
1,13,3,Log
1,14,3,img
1,15,3,add
1,16,3,RUN
1,17,3,has
1,18,3,map
1,19,3,sys
1,20,3,_id
1,21,3,总数量
1,22,3,put
1,23,3,abs
1,24,3,log
1,25,3,猕猴桃
1,26,3,run
1,27,3,url
1,28,3,lei
1,29,3,GET
1,30,3,MD5
1,31,3,eff
1,32,3,水蜜桃
1,33,3,all
1,34,3,env
1,35,3,tag
1,36,3,新用户
1,37,3,TOP
1,38,3,cut
1,39,3,pan
1,40,3,哈密瓜
1,41,3,苹果梨
1,42,3,车厘子
1,43,3,火龙果
1,44,3,人参果
1,45,3,红甘蓝
1,46,3,西红柿
1,47,3,黄彩椒
1,48,3,长颈鹿
1,49,3,uid
1,50,3,Get
1,51,3,skC
1,52,3,ipu
1,53,3,已领取
1,54,3,ext
1,55,3,Min
1,56,3,Max
1,57,3,Ins
1,58,3,哈尔滨
1,59,3,黑龙江
1,60,3,北京市
1,61,3,江苏省
1,62,3,安徽省
1,63,3,四川省
1,64,3,天津市
1,65,3,海南省
1,66,3,福建省
1,67,3,内蒙古
1,68,3,吉林省
1,69,3,湖南省
1,70,3,广东省
1,71,3,浙江省
1,72,3,贵州省
1,73,3,台湾省
1,74,3,河北省
1,75,3,甘肃省
1,76,3,河南省
1,77,3,湖北省
1,78,3,江西省
1,79,3,陕西省
1,80,3,青海省
1,81,3,云南省
1,82,3,上海市
1,83,3,山东省
1,84,3,重庆市
1,85,3,山西省
1,86,3,辽宁省
1,87,3,大樱桃
1,88,3,华夫饼
1,89,3,大白菜
1,90,3,朝天椒
1,91,3,胡萝卜
1,92,3,菠萝包
1,93,3,虎皮卷
1,94,3,蛋黄酥
1,95,3,蝴蝶酥
1,96,3,西兰花
1,97,3,铜锣烧
1,98,3,八爪鱼
1,99,3,北极虾
1,100,3,双色糖
1,101,3,鹦鹉鱼
1,102,3,寄居蟹
1,103,3,小丑鱼
1,104,3,小浣熊
1,105,3,小海豹
1,106,3,小马驹
1,107,3,小黄鸭
1,108,3,棒棒糖
1,109,3,棕巧糖
1,110,3,橘瓣糖
1,111,3,比目鱼
1,112,3,狮子鱼
1,113,3,猫头鹰
1,114,3,珊瑚虾
1,115,3,红心糖
1,116,3,绿花糖
1,117,3,蓝纹糖
1,118,3,蓝花糖
1,119,3,食人鱼
1,120,3,黄星糖
1,121,3,doc
1,122,3,sin
1,123,3,cos
1,124,3,sea
1,125,3,消除中
1,126,3,刷新中
1,127,3,car
1,128,3,老用户
1,129,3,out
1,130,3,arc
1,131,3,col
1,132,3,row
1,133,3,IOS
1,134,3,SDK
1,135,3,Key
1,136,3,546
1,137,3,红树莓
1,138,3,门头沟
1,139,3,京白梨
1,140,3,攀枝花
1,141,3,库尔勒
1,142,3,阿克苏
1,143,3,冰糖橙
1,144,3,百香果
1,145,3,尖沙咀
1,146,3,铜锣湾
1,147,3,山核桃
1,148,3,红美人
1,149,3,石家庄
1,150,3,雪花梨
1,151,3,硒砂瓜
1,152,3,马家柚
1,153,3,沙坡头
1,154,3,南长滩
1,155,3,青铜峡
1,156,3,磨盘柿
1,157,3,牛心柿
1,158,3,吐鲁番
1,159,3,石河子
1,160,3,樱桃李
1,161,3,葫芦岛
1,162,3,南果梨
1,163,3,番荔枝
1,164,3,连云港
1,165,3,大晋枣
1,166,3,圣女果
1,167,3,高碑店
1,168,3,覆盆子
1,169,3,罗汉果
1,170,3,双鸭山
1,171,3,蓝靛果
1,172,3,蔓越莓
1,173,3,水晶梨
1,174,3,九龙坡
1,175,3,歪嘴李
1,176,3,海棠果
1,177,3,青花梨
1,178,3,小番茄
1,179,3,毛樱桃
1,180,3,白凤桃
1,181,3,res
1,182,3,列宽度
1,183,3,上到下
1,184,3,左到右
1,185,3,右到左
1,186,3,未知(
1,187,3,<td
1,188,3,No.
1,189,3,水果砖
1,190,3,向右大
1,191,3,向左大
1,192,3,中间大
1,193,3,雪花大
1,194,3,未解冻
1,195,3,cao
1,196,3,ice
1,197,3,btn
1,198,3,dir
1,199,3,飞翔的
1,200,3,奔跑的
1,201,3,跳跃的
1,202,3,可爱的
1,203,3,神秘的
1,204,3,勇敢的
1,205,3,聪明的
1,206,3,快乐的
1,207,3,忧郁的
1,208,3,疯狂的
1,209,3,安静的
1,210,3,闪亮的
1,211,3,强大的
1,212,3,敏捷的
1,213,3,温柔的
1,214,3,调皮的
1,215,3,认真的
1,216,3,懒惰的
1,217,3,勤奋的
1,218,3,幽默的
1,219,3,独角兽
1,220,3,Fox
1,221,3,冒险家
1,222,3,探索者
1,223,3,孤独者
1,224,3,Sun
1,225,3,99+
1,226,3,jl_
1,227,3,去订阅
1,228,3,甜品1
1,229,3,蔬菜1
1,230,3,动物1
1,231,3,海洋1
1,232,3,糖果1
1,233,3,甜品大
1,234,3,蔬菜大
1,235,3,动物大
1,236,3,海洋大
1,237,3,糖果大
1,238,3," , "
1,239,3,xxx
1,240,3,Map
1,241,3,Set
1,242,3,imp
1,243,3,1.0
1,244,3,MAC
1,245,3,OSX
1,246,3,md5
1,247,3,===
1,248,3, 字符
1,249,3,abc
1,250,3,z自己
1,251,3,obs
1,252,3,src
1,253,3,dot
1,254,3, 秒后
1,255,3,pow
1,256,3,主页面
3,0,5,apply
3,1,5,scale
3,2,5,value
3,3,5,floor
3,4,5,width
3,5,5,group
3,6,5,click
3,7,5,start
3,8,5,uiMgr
3,9,5,appid
3,10,5,panel
3,11,5,angle
3,12,5,ratio
3,13,5,color
3,14,5,error
3,15,5,slice
3,16,5,items
3,17,5,title
3,18,5,level
3,19,5,UNRUN
3,20,5,isUse
3,21,5,score
3,22,5,store
3,23,5,scene
3,24,5,btnIn
3,25,5,count
3,26,5,delay
3,27,5,track
3,28,5,fruit
3,29,5,style
3,30,5,clear
3,31,5,tween
3,32,5,clone
3,33,5,event
3,34,5,Label
3,35,5,query
3,36,5,stack
3,37,5,parse
3,38,5,index
3,39,5,uiMap
3,40,5,_pool
3,41,5,RIGHT
3,42,5,walls
3,43,5,proBg
3,44,5,pools
3,45,5,grids
3,46,5,parts
3,47,5,split
3,48,5,appId
3,49,5,card1
3,50,5,_inst
3,51,5,chrsz
3,52,5,card2
3,53,5,endLv
3,54,5,障碍物数量
3,55,5,tries
3,56,5,speed
3,57,5,hours
3,58,5,light
3,59,5,getPt
3,60,5,shift
3,61,5,props
3,62,5,Tween
3,63,5,erwei
3,64,5,type_
3,65,5,login
3,66,5,cards
3,67,5,inst_
3,68,5,extra
3,69,5,fixed
3,70,5,Error
3,71,5,guang
3,72,5,catch
3,73,5,origX
3,74,5,origY
3,75,5,reset
3,76,5,clips
3,77,5,jsons
3,78,5,errno
3,79,5,debug
3,80,5,Model
3,81,5,round
3,82,5,coins
3,83,5,Audio
3,84,5,black
3,85,5,noNum
3,86,5,dirLa
3,87,5,using
3,88,5,闯关乐消除
3,89,5,解压水果消
3,90,5,fpslv
3,91,5,cloud
3,92,5,setTo
3,93,5,time_
3,94,5,getPr
3,95,5,1.5.8
3,96,5,SHARE
3,97,5,初始化成功
3,98,5,flush
3,99,5,gameW
3,100,5,fallX
3,101,5,scope
3,102,5,pause
3,103,5,bfSp2
3,104,5,atan2
3,105,5,layer
3,106,5,baseY
3,107,5,stage
3,108,5,onGet
3,109,5,exist
3,110,5,登录失败！
3,111,5,close
3,112,5,label
3,113,5,Ratio
3,114,5,Index
3,115,5,西藏自治区
3,116,5,哈密瓜蛋糕
3,117,5,巧克力蛋糕
3,118,5,巧克力饼干
3,119,5,抹茶瑞士卷
3,120,5,芝士甜甜圈
3,121,5,草莓瑞士卷
3,122,5,草莓甜甜圈
3,123,5,草莓酱饼干
3,124,5,草莓马卡龙
3,125,5,蓝莓马卡龙
3,126,5,马卡龙蛋糕
3,127,5,黑森林蛋糕
3,128,5,双色棒棒糖
3,129,5,青浪小三角
3,130,5,奇异果软糖
3,131,5,彩纹三角糖
3,132,5,橙圈甜甜糖
3,133,5,sleep
3,134,5,init2
3,135,5,right
3,136,5,union
3,137,5,sweet
3,138,5,candy
3,139,5,gameH
3,140,5,audio
3,141,5,image
3,142,5,Color
3,143,5,WHITE
3,144,5,Tiger
3,145,5,滑动底03
3,146,5,滑动底02
3,147,5,极限消除王
3,148,5,isDev
3,149,5,proxy
3,150,5,LOGIN
3,151,5,onTap
3,152,5,Midas
3,153,5,上报失败：
3,154,5,adnum
3,155,5,clamp
3,156,5,ttURL
3,157,5,wxURL
3,158,5,2.1.0
3,159,5,AbMgr
3,160,5,玫瑰香葡萄
3,161,5,猫山王榴莲
3,162,5,华侨红杨桃
3,163,5,红心火龙果
3,164,5,where
3,165,5,limit
3,166,5,云存档成功
3,167,5,<p>共 
3,168,5,</th>
3,169,5,</td>
3,170,5,</tr>
3,171,5,.html
3,172,5,&amp;
3,173,5,水果解锁砖
3,174,5,Shape
3,175,5,effPr
3,176,5,lvPro
3,177,5,.json
3,178,5,addHp
3,179,5,排行榜滚动
3,180,5,Stage
3,181,5,macro
3,182,5,input
3,183,5,Input
3,184,5,flash
3,185,5,第二关使用
3,186,5,icons
3,187,5,Brave
3,188,5,Happy
3,189,5,Crazy
3,190,5,Quiet
3,191,5,Shiny
3,192,5,Agile
3,193,5,Piggy
3,194,5,Kitty
3,195,5,Puppy
3,196,5,Bunny
3,197,5,Chick
3,198,5,Panda
3,199,5,Hippo
3,200,5,Zebra
3,201,5,无尽挑战者
3,202,5,关卡征服者
3,203,5,Zheng
3,204,5,Aiguo
3,205,5,Aimin
3,206,5,Meili
3,207,5,侧边栏进来
3,208,5,UI_2D
3,209,5,进入侧边栏
3,210,5,h:i:s
3,211,5,match
3,212,5,numBg
3,213,5,当前关卡:
3,214,5,解锁皮肤:
3,215,5,收集数量:
3,216,5,智商高高手
3,217,5,闯关超好玩
3,218,5,1.0.1
3,219,5,初始化结束
3,220,5,false
3,221,5,BAIDU
3,222,5,FALSE
3,223,5,brand
3,224,5,model
3,225,5,上报失败:
3,226,5,监测到超过
3,227,5,IPool
3,228,5,水果图标/
3,229,5,stake
3,230,5,可以上报 
3,231,5,Tool2
3,232,5,break
3,233,5,UI震！ 
3,234,5,解锁所有墙
3,235,5,解锁一个墙
3,236,5,小游戏启动
3,237,5,点击排行榜
3,238,5,提交失败！
3,239,5,green
3,240,5,maplv
3,241,5,实验ID:
4,0,6,length
4,1,6,radius
4,2,6,active
4,3,6,concat
4,4,6,getIns
4,5,6,easing
4,6,6,height
4,7,6,random
4,8,6,bundle
4,9,6,status
4,10,6,string
4,11,6,toggle
4,12,6,Sprite
4,13,6,appKey
4,14,6,openid
4,15,6,getRes
4,16,6,onLoad
4,17,6,offset
4,18,6,openID
4,19,6,panel_
4,20,6,target
4,21,6,parent
4,22,6,splice
4,23,6,method
4,24,6,ad_cnt
4,25,6,number
4,26,6,md5_ff
4,27,6,md5_gg
4,28,6,md5_hh
4,29,6,md5_ii
4,30,6,prefab
4,31,6,_cMaxY
4,32,6,inited
4,33,6,Static
4,34,6,events
4,35,6,update
4,36,6,assign
4,37,6,CENTER
4,38,6,obsMax
4,39,6,iceMax
4,40,6,iceAdd
4,41,6,obsAdd
4,42,6,freead
4,43,6,isNoLg
4,44,6,filter
4,45,6,allNum
4,46,6,labNum
4,47,6,finger
4,48,6,rendor
4,49,6,_cMinX
4,50,6,_cMaxX
4,51,6,冰冻水果数量
4,52,6,区间水果数量
4,53,6,特殊水果数量
4,54,6,问号水果数量
4,55,6,object
4,56,6,caller
4,57,6,margin
4,58,6,InitCf
4,59,6,errMsg
4,60,6,_cMinY
4,61,6,charAt
4,62,6,fruits
4,63,6,fillBg
4,64,6,onShow
4,65,6,jumpLv
4,66,6,config
4,67,6,openId
4,68,6,isBind
4,69,6,labPro
4,70,6,skills
4,71,6,report
4,72,6,sizeWH
4,73,6,shadow
4,74,6,Button
4,75,6,btnUse
4,76,6,isInit
4,77,6,saving
4,78,6,create
4,79,6,sensor
4,80,6,bullet
4,81,6,backIn
4,82,6,Prefab
4,83,6,spaceX
4,84,6,spaceY
4,85,6,lvtime
4,86,6,metric
4,87,6,volume
4,88,6,isDown
4,89,6,isHome
4,90,6,sprite
4,91,6,inTime
4,92,6,devLog
4,93,6,offAll
4,94,6,isLock
4,95,6,values
4,96,6,points
4,97,6,repeat
4,98,6,numLab
4,99,6,newTip
4,100,6,basket
4,101,6,scande
4,102,6,lineTo
4,103,6,nowPro
4,104,6,circle
4,105,6,holeLa
4,106,6,header
4,107,6,app_id
4,108,6,saveLs
4,109,6,bgNode
4,110,6,cusRpt
4,111,6,Layers
4,112,6,Widget
4,113,6,refesh
4,114,6,setTip
4,115,6,winFun
4,116,6,isOver
4,117,6,RankIn
4,118,6,onExit
4,119,6,isTest
4,120,6,uiData
4,121,6,wxInfo
4,122,6,cancel
4,123,6,广告展示失败
4,124,6,symbol
4,125,6,revise
4,126,6,TICKET
4,127,6,format
4,128,6,base64
4,129,6,log_id
4,130,6,onJump
4,131,6,INWARD
4,132,6,getPos
4,133,6,fallX_
4,134,6,unlock
4,135,6,wxgame
4,136,6,内蒙古自治区
4,137,6,巧克力甜甜圈
4,138,6,白巧夹心饼干
4,139,6,缤纷纸杯蛋糕
4,140,6,蓝色物语蛋糕
4,141,6,delete
4,142,6,result
4,143,6,reduce
4,144,6,getCom
4,145,6,iceBox
4,146,6,iceTip
4,147,6,从左往右移动
4,148,6,从右往左移动
4,149,6,animal
4,150,6,upInfo
4,151,6,sweets
4,152,6,消除多组水果
4,153,6,Crypto
4,154,6,medium
4,155,6,remove
4,156,6,视频播放中断
4,157,6,return
4,158,6,onHide
4,159,6,revoke
4,160,6,indexs
4,161,6,b64pad
4,162,6,_isPos
4,163,6,isInLv
4,164,6,isBold
4,165,6,genBtn
4,166,6,effPr_
4,167,6,getFPS
4,168,6,imgsul
4,169,6,errmsg
4,170,6,resume
4,171,6,lookAt
4,172,6,)</h2>
4,173,6,</div>
4,174,6,&quot;
4,175,6,&#039;
4,176,6,holeBg
4,177,6,iceLab
4,178,6,streak
4,179,6,btnSet
4,180,6,labfun
4,181,6,saveJS
4,182,6,从上往下移动
4,183,6,bottom
4,184,6,enable
4,185,6,sineIn
4,186,6,quadIn
4,187,6,dirImg
4,188,6,dirLab
4,189,6,chuizi
4,190,6,carEnd
4,191,6,相同水果碰撞
4,192,6,audios
4,193,6,fruit2
4,194,6,fruit4
4,195,6,fruit6
4,196,6,fruit9
4,197,6,isHide
4,198,6,animbg
4,199,6,解锁所有槽位
4,200,6,解锁一个槽位
4,201,6,Flying
4,202,6,Clever
4,203,6,Gentle
4,204,6,Birdie
4,205,6,Dragon
4,206,6,Monkey
4,207,6,Xiaoli
4,208,6,.plist
4,209,6,添加桌面失败
4,210,6,检查快捷方式
4,211,6,没有收集全哦
4,212,6,Canvas
4,213,6,BOTTOM
4,214,6,isShow
4,215,6,dataUI
4,216,6,已通过关卡:
4,217,6,onNext
4,218,6,内容处理函数
4,219,6,使用对象池 
4,220,6,广告未初始化
4,221,6,Object
4,222,6,bd_vid
4,223,6,OTHERS
4,224,6,OPENID
4,225,6,system
4,226,6,BUTTON
4,227,6,bigint
4,228,6,binary
4,229,6,encode
4,230,6,，msg: 
4,231,6,同个数据源[
4,232,6,的上报日志：
4,233,6,os_ver
4,234,6,可以创建绳子
4,235,6,moveTo
4,236,6,stroke
4,237,6,center
4,238,6,lvTime
4,239,6,screen
4,240,6,SOUtil
4,241,6,onload
4,242,6,imgEff
4,243,6,TxList
4,244,6,insert
4,245,6,append
4,246,6,分享到朋友圈
4,247,6,新手引导开始
4,248,6,完成新手引导
4,249,6,外围周边预览
4,250,6,点击进入主题
4,251,6,点击激励视频
4,252,6,玩家点击礼包
4,253,6,登录返回非1
4,254,6,2.29.0
4,255,6,视频加载失败
5,0,7,default
5,1,7,setters
5,2,7,execute
5,3,7,success
5,4,7,content
5,5,7,opacity
5,6,7,gameMgr
5,7,7,ccclass
5,8,7,randomN
5,9,7,indexOf
5,10,7,onClose
5,11,7,message
5,12,7,forEach
5,13,7,getNode
5,14,7,isValid
5,15,7,gravity
5,16,7,backOut
5,17,7,isTouch
5,18,7,moveDir
5,19,7,enabled
5,20,7,ENUM_UI
5,21,7,destroy
5,22,7,headImg
5,23,7,cellNum
5,24,7,getItem
5,25,7,publish
5,26,7,putNode
5,27,7,fillImg
5,28,7,setItem
5,29,7,typeArr
5,30,7,replace
5,31,7,_events
5,32,7,version
5,33,7,DEFAULT
5,34,7,ResType
5,35,7,onError
5,36,7,iceBase
5,37,7,obsBase
5,38,7,holeMax
5,39,7,minutes
5,40,7,Dynamic
5,41,7,recycle
5,42,7,levelBg
5,43,7,editBox
5,44,7,buttons
5,45,7,getSync
5,46,7,unionid
5,47,7,regdate
5,48,7,startLv
5,49,7,getDate
5,50,7,gameMsg
5,51,7,fillPro
5,52,7,clickid
5,53,7,setSync
5,54,7,lvCount
5,55,7,seconds
5,56,7,carNode
5,57,7,skinIds
5,58,7,onBtnIn
5,59,7,_openId
5,60,7,recover
5,61,7,playBGM
5,62,7,isJoint
5,63,7,topWall
5,64,7,fadeMgr
5,65,7,onShare
5,66,7,btn_Win
5,67,7,payType
5,68,7,getRank
5,69,7,setRank
5,70,7,movePos
5,71,7,btnType
5,72,7,curType
5,73,7,fruitBg
5,74,7,poolKey
5,75,7,timeout
5,76,7,isAsync
5,77,7,getTime
5,78,7,game_id
5,79,7,addProp
5,80,7,initCom
5,81,7,bgshade
5,82,7,mainBtn
5,83,7,rankImg
5,84,7,labRank
5,85,7,sprites
5,86,7,request
5,87,7,btnLeft
5,88,7,trigger
5,89,7,isEmpty
5,90,7,actions
5,91,7,counter
5,92,7,sceneId
5,93,7,stopped
5,94,7,allRes_
5,95,7,release
5,96,7,restore
5,97,7,toFixed
5,98,7,caoNode
5,99,7,onMusic
5,100,7,onSound
5,101,7,btn_get
5,102,7,isOnAdd
5,103,7,btn_cbl
5,104,7,btnWord
5,105,7,hex_md5
5,106,7,btnSure
5,107,7,exports
5,108,7,md5_cmn
5,109,7,enqueue
5,110,7,resItem
5,111,7,nameMap
5,112,7,onerror
5,113,7,isArray
5,114,7,overFun
5,115,7,UseSkin
5,116,7,texture
5,117,7,_prefab
5,118,7,proFill
5,119,7,themeBg
5,120,7,anchorX
5,121,7,anchorY
5,122,7,putItem
5,123,7,initPos
5,124,7,channel
5,125,7,btnOpen
5,126,7,btnJump
5,127,7,quadOut
5,128,7,dequeue
5,129,7,getPool
5,130,7,_openid
5,131,7,tooltip
5,132,7,Handler
5,133,7,runWith
5,134,7,mouseup
5,135,7,getClip
5,136,7,playing
5,137,7,stopBGM
5,138,7,upIceLa
5,139,7,EditBox
5,140,7,numRoot
5,141,7,fullTip
5,142,7,preferY
5,143,7,_status
5,144,7,onStart
5,145,7,onclose
5,146,7,NewSign
5,147,7,isExist
5,148,7,card1ID
5,149,7,card2ID
5,150,7,isEnded
5,151,7,激励奖励已发放
5,152,7,addItem
5,153,7,nameLbl
5,154,7,PiaoEff
5,155,7,piaoEff
5,156,7,shuffle
5,157,7,ad_type
5,158,7,current
5,159,7,keyList
5,160,7,expt_id
5,161,7,广西壮族自治区
5,162,7,香港特别行政区
5,163,7,宁夏回族自治区
5,164,7,澳门特别行政区
5,165,7,巧克力夹心饼干
5,166,7,expJson
5,167,7,checkID
5,168,7,GameMgr
5,169,7,sineOut
5,170,7,showAni
5,171,7,animals
5,172,7,candies
5,173,7,Restart
5,174,7,openFps
5,175,7,intTime
5,176,7,checktt
5,177,7,loadOne
5,178,7,sidebar
5,179,7,getData
5,180,7,unshift
5,181,7,gdt_vid
5,182,7,UNKNOWN
5,183,7,ANDROID
5,184,7,WINDOWS
5,185,7,unknown
5,186,7,SUCCESS
5,187,7,boolean
5,188,7,install
5,189,7,LabelUp
5,190,7,SetData
5,191,7,bit_rol
5,192,7,hexcase
5,193,7,getPos2
5,194,7,getPos3
5,195,7,toarray
5,196,7,TestMgr
5,197,7,tickSec
5,198,7,Vibrate
5,199,7,ViewFPS
5,200,7,baseUrl
5,201,7,newSign
5,202,7,wxLogin
5,203,7,loginEd
5,204,7,微信平台环境，
5,205,7,getName
5,206,7,extends
5,207,7,openId:
5,208,7,<style>
5,209,7,xiaochu
5,210,7,density
5,211,7,landEff
5,212,7,btnPlay
5,213,7,btnLoad
5,214,7,字数不少于10
5,215,7,reverse
5,216,7,boxBoom
5,217,7,GameMsg
5,218,7,zhanpai
5,219,7,GbzEnum
5,220,7,排位获得新段位
5,221,7,水果消除bgm
5,222,7,胜利后获得蔬菜
5,223,7,fruit17
5,224,7,fruit30
5,225,7,btn_cf1
5,226,7,btn_cf2
5,227,7,btn_cf3
5,228,7,切换配置为原版
5,229,7,切换配置为简单
5,230,7,切换配置为困难
5,231,7,btn_sub
5,232,7,isClick
5,233,7,Running
5,234,7,Jumping
5,235,7,Naughty
5,236,7,Serious
5,237,7,Penguin
5,238,7,Unicorn
5,239,7,Phoenix
5,240,7,Giraffe
5,241,7,Xiaohua
5,242,7,Xiaomei
5,243,7,Xiaojie
5,244,7,Wenjing
5,245,7,Jianguo
5,246,7,Jianjun
5,247,7,Xiuying
5,248,7,loadDir
5,249,7,dyIsNew
5,250,7,canIUse
5,251,7,onPaint
5,252,7,refPart
5,253,7,", code:"
5,254,7,valueOf
5,255,7,TENCENT
5,256,7,item_id
5,257,7,ALIBABA
5,258,7,trackid
5,259,7,Windows
5,260,7,初始化超过上限
5,261,7,sdk_ver
5,262,7,os_type
5,263,7,oinInit
5,264,7,logoCom
5,265,7,LogoCom
5,266,7,b64_md5
5,267,7,str_md5
5,268,7,onClick
5,269,7,RTQueue
5,270,7,flyGold
5,271,7,labelUp
5,272,7,boomEff
5,273,7,showEff
5,274,7,foreach
5,275,7,toArray
5,276,7,PropDes
5,277,7,无效的关卡数据
5,278,7,点击进入游戏圈
5,279,7,=======
5,280,7,confirm
5,281,7,视频未完整观看
5,282,7,广告展示失败1
6,0,8,instance
6,1,8,position
6,2,8,platform
6,3,8,register
6,4,8,cclegacy
6,5,8,children
6,6,8,typeBase
6,7,8,writable
6,8,8,num30Add
6,9,8,property
6,10,8,ad_video
6,11,8,toString
6,12,8,btnClose
6,13,8,gameRoot
6,14,8,bg_color
6,15,8,onEnable
6,16,8,userName
6,17,8,duration
6,18,8,nameStrs
6,19,8,level_id
6,20,8,adUnitId
6,21,8,globalxz
6,22,8,shareUrl
6,23,8,maxCount
6,24,8,addChild
6,25,8,countArr
6,26,8,holeComp
6,27,8,setScale
6,28,8,isPlayer
6,29,8,scaleExp
6,30,8,isInSlot
6,31,8,onUpdate
6,32,8,function
6,33,8,log_type
6,34,8,_bottomY
6,35,8,leftWall
6,36,8,ad_inter
6,37,8,clickNum
6,38,8,fansqUrl
6,39,8,num10Add
6,40,8,holeBase
6,41,8,complete
6,42,8,Platform
6,43,8,includes
6,44,8,disJoint
6,45,8,slotsNum
6,46,8,itemSize
6,47,8,graphics
6,48,8,getMonth
6,49,8,iceCount
6,50,8,obsCount
6,51,8,distance
6,52,8,todayStr
6,53,8,skinData
6,54,8,reporter
6,55,8,iceComps
6,56,8,userType
6,57,8,vertical
6,58,8,conf_key
6,59,8,gameInfo
6,60,8,safe_add
6,61,8,isShared
6,62,8,shareTag
6,63,8,parallel
6,64,8,btnShare
6,65,8,btn_fans
6,66,8,btn_rank
6,67,8,logoNode
6,68,8,wordRank
6,69,8,quantity
6,70,8,fpsQueue
6,71,8,labFruit
6,72,8,canCheck
6,73,8,scoreMax
6,74,8,GAME_BGM
6,75,8,selfData
6,76,8,fontSize
6,77,8,btnshare
6,78,8,offClose
6,79,8,core_md5
6,80,8,maxTries
6,81,8,rotation
6,82,8,isUpdate
6,83,8,dropLeft
6,84,8,effsRoot
6,85,8,fruitStr
6,86,8,btn_back
6,87,8,wordList
6,88,8,CryptoJS
6,89,8,btnRight
6,90,8,contents
6,91,8,通过SDK上报的
6,92,8,str2binl
6,93,8,operator
6,94,8,costTime
6,95,8,imageUrl
6,96,8,GetCross
6,97,8,HoleComp
6,98,8,friction
6,99,8,onSubmit
6,100,8,sweetStr
6,101,8,chgCount
6,102,8,btn_exit
6,103,8,changeBg
6,104,8,setLayer
6,105,8,sdk_name
6,106,8,PURCHASE
6,107,8,ogEvents
6,108,8,getItems
6,109,8,loginURL
6,110,8,videFail
6,111,8,director
6,112,8,schedule
6,113,8,isNewDay
6,114,8,isUnlock
6,115,8,comboKey
6,116,8,comboMax
6,117,8,basket01
6,118,8,hideWall
6,119,8,upHoleLa
6,120,8,candyStr
6,121,8,shanNode
6,122,8,GAME_CAR
6,123,8,GAME_WIN
6,124,8,allLable
6,125,8,setAppid
6,126,8,isOnShow
6,127,8,curTheme
6,128,8,adAllNum
6,129,8,use_type
6,130,8,fruitImg
6,131,8,buffList
6,132,8,REGISTER
6,133,8,is_retry
6,134,8,drawRope
6,135,8,getScene
6,136,8,BgCtrCom
6,137,8,padStart
6,138,8,subtract
6,139,8,opReport
6,140,8,event_id
6,141,8,fileName
6,142,8,mouseout
6,143,8,isCircle
6,144,8,hitPower
6,145,8,getFruit
6,146,8,Graphics
6,147,8,isIceTip
6,148,8,initWall
6,149,8,totalNum
6,150,8,showAnim
6,151,8,checkWin
6,152,8,isPaused
6,153,8,addScore
6,154,8,genFruit
6,155,8,aniPanel
6,156,8,endPoint
6,157,8,SetCurLv
6,158,8,curLevel
6,159,8,onAniEnd
6,160,8,microapp
6,161,8,getLayer
6,162,8,仅支持小游戏平台
6,163,8,openFans
6,164,8,./MD5.ts
6,165,8,parseInt
6,166,8,titleStr
6,167,8,addItems
6,168,8,offError
6,169,8,iterator
6,170,8,local_id
6,171,8,minigame
6,172,8,binl2hex
6,173,8,binl2b64
6,174,8,binl2str
6,175,8,saveName
6,176,8,gameTime
6,177,8,sp_width
6,178,8,getFpsLv
6,179,8,item_num
6,180,8,openlink
6,181,8,tryLogin
6,182,8,multiton
6,183,8,新疆维吾尔自治区
6,184,8,Material
6,185,8,NodePool
6,186,8,autoGame
6,187,8,autoPlay
6,188,8,endsWith
6,189,8,CloudMgr
6,190,8,insCloud
6,191,8,getHours
6,192,8,pauseBGM
6,193,8,lastTime
6,194,8,genLvMap
6,195,8,stopGame
6,196,8,labLevel
6,197,8,FruitMgr
6,198,8,StopPkAi
6,199,8,AddCurLv
6,200,8,PropType
6,201,8,ENUM_RES
6,202,8,GbzIndex
6,203,8,setUIMgr
6,204,8,labInfos
6,205,8,onBtnCf1
6,206,8,onBtnCf2
6,207,8,onBtnCf3
6,208,8,themeTip
6,209,8,onRelive
6,210,8,scanCode
6,211,8,GlobalXZ
6,212,8,delegate
6,213,8,InitPart
6,214,8,GetParts
6,215,8,safeArea
6,216,8,trace_id
6,217,8,callback
6,218,8,ogWeight
6,219,8,signData
6,220,8,", data: "
6,221,8,initGrid
6,222,8,initPart
6,223,8,removeAt
6,224,8,pkTitile
6,225,8,clealAll
6,226,8,database
6,227,8,saveUser
6,228,8,response
6,229,8,DebugLog
6,230,8,</style>
6,231,8,download
6,232,8,cooldown
6,233,8,blackBox
6,234,8,loadJson
6,235,8,playTest
6,236,8,stoneStr
6,237,8,从两侧往中间移动
6,238,8,掉落解锁未知水果
6,239,8,黑洞内有多个水果
6,240,8,basket02
6,241,8,xiangxia
6,242,8,carStart
6,243,8,propName
6,244,8,ui_click
6,245,8,viewPort
6,246,8,bg/dirLa
6,247,8,maxLevel
6,248,8,minLevel
6,249,8,Powerful
6,250,8,Diligent
6,251,8,Humorous
6,252,8,Duckling
6,253,8,Werewolf
6,254,8,Dinosaur
6,255,8,Elephant
6,256,8,Kangaroo
6,257,8,Explorer
6,258,8,Chung Li
6,259,8,Xiaoming
6,260,8,Xiaohong
6,261,8,Xiaogang
6,262,8,Zhiqiang
6,263,8,检查快捷方式失败
6,264,8,cardName
6,265,8,sequence
6,266,8,overflow
6,267,8,Overflow
6,268,8,GbzUtils
6,269,8,RichText
6,270,8,initSkin
6,271,8,gridInfo
6,272,8,scrollTo
6,273,8,", code: "
6,274,8,calling 
6,275,8,kuaishou
6,276,8,KUAISHOU
6,277,8,LOCAL_ID
6,278,8,CLICK_ID
6,279,8,actionId
6,280,8,队列长度超过限制
6,281,8,joinRoom
6,282,8,subarray
6,283,8,上报行为类型: 
6,284,8,上报请求参数: 
6,285,8,上报接口返回码:
6,286,8,APP_QUIT
6,287,8,缺少 appid
6,288,8,]只能初始化一次
6,289,8,sys_info
6,290,8,请先初始化SDK
6,291,8,devtools
6,292,8,setDebug
6,293,8,RandTool
6,294,8,enter_lv
6,295,8,game_win
6,296,8,水果种类减少数量
6,297,8,SelfPool
6,298,8,getBound
6,299,8,CCString
6,300,8,WxIAAMgr
6,301,8,设置openId
6,302,8,回流用户，超过 
6,303,8,Get_Item
6,304,8,GET_ITEM
6,305,8,Use_Item
6,306,8,USE_ITEM
6,307,8,AD_CLICK
6,308,8,Gift_Get
6,309,8,GIFT_GET
6,310,8,tutorial
6,311,8, 次重试，将在 
6,312,8,onResize
7,0,9,prototype
7,1,9,typeStage
7,2,9,RandomInt
7,3,9,num10Base
7,4,9,num30Base
7,5,9,Component
7,6,9,stringify
7,7,9,halfGameW
7,8,9,EventType
7,9,9,lv7Config
7,10,9,fruitType
7,11,9,randomMin
7,12,9,fruitComp
7,13,9,lv4Config
7,14,9,lv8Config
7,15,9,lv9Config
7,16,9,useSkinId
7,17,9,secondary
7,18,9,halfGameH
7,19,9,_instance
7,20,9,ad_banner
7,21,9,ENUM_CLIP
7,22,9,woodenObs
7,23,9,stopDownY
7,24,9,RB_GROUPS
7,25,9,TOUCH_END
7,26,9,breakWall
7,27,9,showEdNum
7,28,9,randomBox
7,29,9,UIOpacity
7,30,9,maxLength
7,31,9,rightWall
7,32,9,propIcons
7,33,9,reportLog
7,34,9,fadeInOut
7,35,9,isDowning
7,36,9,timestamp
7,37,9,curLvMaxY
7,38,9,lv2Config
7,39,9,onDestroy
7,40,9,onDisable
7,41,9,holeComps
7,42,9,btn_close
7,43,9,action_id
7,44,9,nowConfig
7,45,9,holeScale
7,46,9,gameState
7,47,9,fillRange
7,48,9,animNodes
7,49,9,strTipLab
7,50,9,skinCount
7,51,9,btn_music
7,52,9,btn_sound
7,53,9,initVideo
7,54,9,undefined
7,55,9,showVideo
7,56,9,btn_Close
7,57,9,dateArray
7,58,9,conf_name
7,59,9,wrapTrack
7,60,9,curLvMinY
7,61,9,curLvMaxX
7,62,9,curLvMinX
7,63,9,marginMul
7,64,9,todayTime
7,65,9,shareCall
7,66,9,triggerGC
7,67,9,isPlaying
7,68,9,propCount
7,69,9,themeType
7,70,9,LAYER_WIN
7,71,9,btn_share
7,72,9,holeCount
7,73,9,construct
7,74,9,_platform
7,75,9,lv6Config
7,76,9,closeTime
7,77,9,showToast
7,78,9,userDocId
7,79,9,saveTimer
7,80,9,excelData
7,81,9,fruitName
7,82,9,middleBox
7,83,9,hitFruits
7,84,9,offButton
7,85,9,levelComp
7,86,9,btn_start
7,87,9,btn_Theme
7,88,9,initInter
7,89,9,eventName
7,90,9,reporting
7,91,9,START_APP
7,92,9,getBundle
7,93,9,iceCounts
7,94,9,originPos
7,95,9,dropRight
7,96,9,fruitMove
7,97,9,checkLose
7,98,9,isBrowser
7,99,9,propInfos
7,100,9,shareInfo
7,101,9,spaceSize
7,102,9,__proto__
7,103,9,err_stack
7,104,9,productId
7,105,9,gameWidth
7,106,9,contentID
7,107,9,leftValue
7,108,9,dimension
7,109,9,guardrail
7,110,9,FruitComp
7,111,9,fruitDown
7,112,9,leaderTip
7,113,9,stakeRoot
7,114,9,dirImgStr
7,115,9,dirLabStr
7,116,9,setFinger
7,117,9,btnFriend
7,118,9,curlLevel
7,119,9,_adAllNum
7,120,9,showInter
7,121,9,spriteFun
7,122,9,needCount
7,123,9,ad_native
7,124,9,checkTest
7,125,9,flushSend
7,126,9,setOpenId
7,127,9,ChuiziCom
7,128,9,unlockNum
7,129,9,game_file
7,130,9,ontimeout
7,131,9,resumeBGM
7,132,9,isHolePos
7,133,9,GAME_LAND
7,134,9,normalize
7,135,9,bgMoveDis
7,136,9,sortFruit
7,137,9,vegetable
7,138,9,xiaochu_2
7,139,9,xiaochu_3
7,140,9,xiaochu_5
7,141,9,GAME_LOSE
7,142,9,xiaochu_1
7,143,9,xiaochu_4
7,144,9,onVibrate
7,145,9,onRestart
7,146,9,bundleMap
7,147,9,targetPro
7,148,9,autoTrack
7,149,9,isRevised
7,150,9,subscribe
7,151,9,repulsion
7,152,9,curTheme_
7,153,9,stopMoveX
7,154,9,onTickSec
7,155,9,CACHE_KEY
7,156,9,Canvas/UI
7,157,9,_breaking
7,158,9,isLogging
7,159,9,fromEuler
7,160,9,sweepTime
7,161,9,Texture2D
7,162,9,rowHeight
7,163,9,initLvCfg
7,164,9,mousemove
7,165,9,mouseover
7,166,9,mousedown
7,167,9,_isInSlot
7,168,9,_holeComp
7,169,9,breakHole
7,170,9,initJoint
7,171,9,onEditEnd
7,172,9,getPrefab
7,173,9,fillLight
7,174,9,reviveFun
7,175,9,fullSound
7,176,9,hasActive
7,177,9,btnWinFun
7,178,9,onSetting
7,179,9,openTheme
7,180,9,setPrefab
7,181,9,namesData
7,182,9,VideoType
7,183,9,game_list
7,184,9,initParam
7,185,9,dataIndex
7,186,9,shareType
7,187,9,IceFollow
7,188,9,substring
7,189,9,addAction
7,190,9,sortQueue
7,191,9,START_PAY
7,192,9,batchSend
7,193,9,gameLevel
7,194,9,_cMoveDir
7,195,9,eliminate
7,196,9,unlockAll
7,197,9,isNewUser
7,198,9,item_type
7,199,9,AudioClip
7,200,9,resources
7,201,9,DragFruit
7,202,9,getOpenId
7,203,9,getScaleX
7,204,9,CusReport
7,205,9,CCInteger
7,206,9,stopSound
7,207,9,fruitDrop
7,208,9,streakFun
7,209,9,LocalData
7,210,9,fruitsIDS
7,211,9,colorLoop
7,212,9,initLevel
7,213,9,resumGame
7,214,9,mpVersion
7,215,9,fillColor
7,216,9,Animation
7,217,9,openTTCbl
7,218,9,openTTADD
7,219,9,openShare
7,220,9,ttcanluse
7,221,9,changeImg
7,222,9,onZhuxiao
7,223,9,InitPart2
7,224,9,InitPart7
7,225,9,InitPart8
7,226,9,cgiName: 
7,227,9,sdkWeight
7,228,9,RE_ACTIVE
7,229,9,timeStamp
7,230,9,TIME_LINE
7,231,9,JumpLvBtn
7,232,9,RandArray
7,233,9,initItems
7,234,9,reportPro
7,235,9,TickCntlr
7,236,9,startTime
7,237,9,setOpenID
7,238,9,moveFruit
7,239,9,loadResSF
7,240,9,loadImage
7,241,9,列宽度设置（像素）
7,242,9,__audio__
7,243,9,Kinematic
7,244,9,dragFruit
7,245,9,minLength
7,246,9,xiangxia大
7,247,9,viewTime_
7,248,9,starTween
7,249,9,getNewPos
7,250,9,dirTipFun
7,251,9,getLvType
7,252,9,JsonAsset
7,253,9,水果消除关卡bgm
7,254,9,lastLevel
7,255,9,layoutPro
7,256,9,EXACT_FIT
7,257,9,animNode0
7,258,9,animNode1
7,259,9,bg_notice
7,260,9,Level Pro
7,261,9,Xiaoqiang
7,262,9,usedNames
7,263,9,findIndex
7,264,9,game_name
7,265,9,game_icon
7,266,9,game_path
7,267,9,signParam
7,268,9,判定抖音归因 : 
7,269,9,scrolling
7,270,9, 预制体没有赋值 
7,271,9,DateArray
7,272,9,113954177
7,273,9,gameLogin
7,274,9,Arguments
7,275,9,BYTEDANCE
7,276,9,ksChannel
7,277,9,uctrackid
7,278,9,wxgamepro
7,279,9,AUTHORIZE
7,280,9,revocable
7,281,9,付费金额需要为数字
7,282,9,付费金额需要大于0
7,283,9,onAppQuit
7,284,9,auto_attr
7,285,9,获取托管策略失败:
7,286,9,lifecycle
7,287,9,LayoutIMy
7,288,9,localData
7,289,9,undergoLv
7,290,9,LvConfig1
7,291,9,LvConfig2
7,292,9,LvConfig3
7,293,9,PkManager
7,294,9,cusReport
7,295,9,ticketnum
7,296,9,randomNum
7,297,9,getCenter
7,298,9,grayscale
7,299,9,isSameDay
7,300,9,signAngle
7,301,9,getAspect
7,302,9,用户最后活跃天数:
7,303,9,获取关卡数据失败:
7,304,9,SUBSCRIBE
7,305,9,"快来PK,看谁最强"
7,306,9,hasUpdate
7,307,9,showModal
7,308,9,onMessage
7,309,9,realWidth
7,310,9,暂无广告，稍后重试
7,311,9,imageName
7,312,9,authorize
8,0,10,simpleName
8,1,10,enumerable
8,2,10,num100Add2
8,3,10,num100Add1
8,4,10,_decorator
8,5,10,fruitsComp
8,6,10,GAME_CLICK
8,7,10,game_level
8,8,10,scrollView
8,9,10,randomBase
8,10,10,game_music
8,11,10,game_sound
8,12,10,secret_key
8,13,10,fruitScale
8,14,10,setRigType
8,15,10,LAYER_MAIN
8,16,10,titleNodes
8,17,10,allCreateN
8,18,10,initErrMsg
8,19,10,skillIndex
8,20,10,isCollider
8,21,10,bindOffset
8,22,10,LAYER_MENU
8,23,10,lose_panel
8,24,10,charCodeAt
8,25,10,区间水果数量(详细)
8,26,10,itemLayout
8,27,10,isCanCheck
8,28,10,statusCode
8,29,10,lv10Config
8,30,10,adbtn_name
8,31,10,isCanTouch
8,32,10,downOrgPos
8,33,10,bindPoints
8,34,10,colorLimit
8,35,10,progressBg
8,36,10,totalCount
8,37,10,os_version
8,38,10,fruitRopes
8,39,10,itemRadius
8,40,10,btn_submit
8,41,10,bottomWall
8,42,10,targetNode
8,43,10,btnsSetPos
8,44,10,nodeChuizi
8,45,10,readyState
8,46,10,comboIndex
8,47,10,checkBound
8,48,10,itemConnet
8,49,10,initBanner
8,50,10,proxyEvent
8,51,10,session_id
8,52,10,getMaxType
8,53,10,KVDataList
8,54,10,clickFruit
8,55,10,jointFruit
8,56,10,refreshPro
8,57,10,LAYER_EXIT
8,58,10,touchClick
8,59,10,friendRank
8,60,10,proBg_fill
8,61,10,themeCount
8,62,10,bufferSize
8,63,10,bufferZone
8,64,10,wx_version
8,65,10,rightValue
8,66,10,getPropNum
8,67,10,allowSleep
8,68,10,btn_Remove
8,69,10,backInHome
8,70,10,shareClick
8,71,10,btnBgshade
8,72,10,btn_advise
8,73,10,retryCount
8,74,10,collectAll
8,75,10,btnSureFun
8,76,10,NewOnePart
8,77,10,envVersion
8,78,10,collection
8,79,10,StreakComp
8,80,10,inCheckBox
8,81,10,isAutoDrop
8,82,10,fruitTween
8,83,10,clickCount
8,84,10,isBreaking
8,85,10,stoneStrJs
8,86,10,isOnScreen
8,87,10,animalsStr
8,88,10,LAYER_Fans
8,89,10,GAME_SPRAY
8,90,10,isThemeTip
8,91,10,videoClick
8,92,10,onBackHome
8,93,10,btn_relive
8,94,10,showBanner
8,95,10,_gift_name
8,96,10,changeCard
8,97,10,getBgshade
8,98,10,initFinish
8,99,10,outTradeNo
8,100,10,onAppStart
8,101,10,auto_track
8,102,10,halfGameH_
8,103,10,halfGameW_
8,104,10,stopDownY_
8,105,10,loginTimer
8,106,10,appearTime
8,107,10,bundelName
8,108,10,loadBundle
8,109,10,loadRemote
8,110,10,event_data
8,111,10,rightclick
8,112,10,touchStart
8,113,10,./Tool2.ts
8,114,10,firstLevel
8,115,10,unschedule
8,116,10,onGameOver
8,117,10,safeMargin
8,118,10,startPoint
8,119,10,CITIESOUND
8,120,10,Level_Exit
8,121,10,levelLable
8,122,10,LoadFinish
8,123,10,openAdvise
8,124,10,onWordRank
8,125,10,removeItem
8,126,10,HwPlatform
8,127,10,event_type
8,128,10,jl_channel
8,129,10,getNodeStr
8,130,10,arrQuChong
8,131,10,getDiffArr
8,132,10,themeBgStr
8,133,10,initNative
8,134,10,forceLogin
8,135,10,offsetTime
8,136,10,getStorage
8,137,10,FINISH_PAY
8,138,10,deviceInfo
8,139,10,isMyGameIn
8,140,10,gameHeight
8,141,10,logoFrames
8,142,10,originalPt
8,143,10,useSkinId_
8,144,10,stopMoveX_
8,145,10,shengyunum
8,146,10,clearCache
8,147,10,_dataIndex
8,148,10,showCancel
8,149,10,contentIDs
8,150,10,playHammer
8,151,10,playEffect
8,152,10,opAdTicket
8,153,10,./AbMgr.ts
8,154,10,xorDecrypt
8,155,10,editorRoot
8,156,10,formatTime
8,157,10,getMinutes
8,158,10,getSeconds
8,159,10,trackEvent
8,160,10,escapeHtml
8,161,10,clickTween
8,162,10,showLeader
8,163,10,fruitReset
8,164,10,levelCount
8,165,10,adviseTime
8,166,10,totalTime_
8,167,10,getImgFill
8,168,10,blitzkrieg
8,169,10,hightLight
8,170,10,holeSplice
8,171,10,bubbleSort
8,172,10,ConnectNum
8,173,10,getSafePos
8,174,10,upDrawRope
8,175,10,stroageKey
8,176,10,seaAnimals
8,177,10,setFadeMgr
8,178,10,loadQRCode
8,179,10,blackInput
8,180,10,getAppInfo
8,181,10,setGameMgr
8,182,10,Level_Pass
8,183,10,BACKGROUND
8,184,10,panelTween
8,185,10,Level_Lose
8,186,10,propNumLbl
8,187,10,levelShare
8,188,10,btnLeftFun
8,189,10,LAYER_RANK
8,190,10,ScrollView
8,191,10,updateItem
8,192,10,@@iterator
8,193,10,__esModule
8,194,10,config/get
8,195,10,production
8,196,10,SDKVersion
8,197,10,userWeight
8,198,10,loadConfig
8,199,10,goodsPrice
8,200,10,Sign-Value
8,201,10,onRegister
8,202,10,setUnionId
8,203,10,JDPlatform
8,204,10,createRope
8,205,10,initFruits
8,206,10,ranTypeArr
8,207,10,lineHeight
8,208,10,tickUpdate
8,209,10,VibrateCom
8,210,10,checkLogin
8,211,10,onReActive
8,212,10,startLogin
8,213,10,getSetting
8,214,10,GetNowType
8,215,10,SetNowType
8,216,10,CityConfig
8,217,10,CCNodePool
8,218,10," ,go.name "
8,219,10,CocosUtils
8,220,10,releaseAll
8,221,10,GAME_DATA_
8,222,10,unlockSkin
8,223,10,instensity
8,224,10, 个关卡数据</p>
8,225,10,POST_SOLVE
8,226,10,moveEditor
8,227,10,creatFruit
8,228,10,exportFile
8,229,10,adviseType
8,230,10,通过消除解锁冰冻水果
8,231,10,stopSystem
8,232,10,isTipTheme
8,233,10,videoLevel
8,234,10,getItemTip
8,235,10,未找到统计面板节点！
8,236,10,btn_close2
8,237,10,loseCounts
8,238,10,Mysterious
8,239,10,Melancholy
8,240,10,Speed King
8,241,10,Adventurer
8,242,10,Lonely One
8,243,10,checkScene
8,244,10,project_id
8,245,10,nodeLayout
8,246,10,不能没有Mask组件
8,247,10,clue_token
8,248,10,SIGN_ERROR
8,249,10,队列长度超过最大限制
8,250,10,createRoom
8,251,10,[Circular]
8,252,10,trace_id: 
8,253,10,onPurchase
8,254,10,角色名称需要为字符串
8,255,10,actionTime
8,256,10,minVersion
8,257,10,conf_param
8,258,10,jointPoint
8,259,10,getPosList
8,260,10,totalScore
8,261,10,RandNumber
8,262,10,reportData
8,263,10,enter_game
8,264,10,level_loss
8,265,10,printQueue
8,266,10,ScoreLvMgr
8,267,10,addAdScore
8,268,10,showFlyObj
8,269,10,./IPool.ts
8,270,10,"转发给朋友,主动分享"
8,271,10,LEVEL_EXIT
8,272,10,LEVEL_LOSE
8,273,10,LEVEL_PASS
8,274,10,激励视频完整播放完毕
8,275,10,请转发到群或好友哦！
8,276,10,realHeight
8,277,10,param_name
9,0,11,cityNameArr
9,1,11,platformApi
9,2,11,initializer
9,3,11,num100Base3
9,4,11,num100Base2
9,5,11,onsNumScale
9,6,11,num100Base1
9,7,11,lastTypeMin
9,8,11,TwoNumScale
9,9,11,ad_video_id
9,10,11,ad_inter_id
9,11,11,num30reduce
9,12,11,num100Base4
9,13,11,spriteFrame
9,14,11,isCusReport
9,15,11,arrangeType
9,16,11,setPosition
9,17,11,randomScale
9,18,11,createClass
9,19,11,polygonInfo
9,20,11,_dispatcher
9,21,11,./SOUtil.ts
9,22,11,sdk_version
9,23,11,UITransform
9,24,11,fruitConfig
9,25,11,getPlatform
9,26,11,SpriteFrame
9,27,11,ENUM_STATUS
9,28,11,oneCreatreN
9,29,11,twoCreatreN
9,30,11,lastTypeAdd
9,31,11,holeAddbase
9,32,11,displayName
9,33,11,getPosition
9,34,11,action_type
9,35,11,activeShare
9,36,11,pendingData
9,37,11,style/panel
9,38,11,getFullYear
9,39,11,TOUCH_START
9,40,11,btn_vibrate
9,41,11,constructor
9,42,11,lastDayTime
9,43,11,miniProgram
9,44,11,btn_restart
9,45,11,createdList
9,46,11,adIntervals
9,47,11,FruitConfig
9,48,11,restitution
9,49,11,onGameStart
9,50,11,btn_setting
9,51,11,btn_Service
9,52,11,httpRequest
9,53,11,changeTheme
9,54,11,executeSend
9,55,11,share_title
9,56,11,WECHAT_GAME
9,57,11,lastCurRank
9,58,11,contentSize
9,59,11,postMessage
9,60,11,RigidBody2D
9,61,11,unlockFruit
9,62,11,dayShareNum
9,63,11,btn_request
9,64,11,wx_platform
9,65,11,action_time
9,66,11,ad_trace_id
9,67,11,getBaseInfo
9,68,11,onRefreshUI
9,69,11,isUseReport
9,70,11,item_source
9,71,11,isShowVideo
9,72,11,onSubscribe
9,73,11,setProperty
9,74,11,fruitSplice
9,75,11,reliveCount
9,76,11,labProgress
9,77,11,getInstance
9,78,11,isOnRequest
9,79,11,SpriteAtlas
9,80,11,reportDelay
9,81,11,retry_count
9,82,11,queueManage
9,83,11,getStrategy
9,84,11,inner_param
9,85,11,videoCaller
9,86,11,playOneShot
9,87,11,audioSource
9,88,11,hasListener
9,89,11,createTimer
9,90,11,removeJoint
9,91,11,fruitSprite
9,92,11,activeTween
9,93,11,getNodeName
9,94,11,reportAdRwd
9,95,11,rankRolling
9,96,11,_gift_scene
9,97,11,_gift_value
9,98,11,_event_type
9,99,11,signVersion
9,100,11,buyQuantity
9,101,11,Client-Time
9,102,11,visibleSize
9,103,11,enterlvtime
9,104,11,saveToCache
9,105,11,getLvAdInfo
9,106,11,reportScene
9,107,11,enableDebug
9,108,11,update_time
9,109,11,param_value
9,110,11,resetSystem
9,111,11,msgTypeList
9,112,11,instantiate
9,113,11,getUserData
9,114,11,getTodayStr
9,115,11,addEmptyRow
9,116,11,doubleclick
9,117,11,lineOpacity
9,118,11,recycleSelf
9,119,11,removeFruit
9,120,11,btn_Disturb
9,121,11,setDataList
9,122,11,createPoint
9,123,11,btnWordShow
9,124,11,_isOpenTest
9,125,11,addShortcut
9,126,11,btn_zhuxiao
9,127,11,LAYER_THEME
9,128,11,LAYER_TTADD
9,129,11,LAYER_TTCBL
9,130,11,getDistance
9,131,11,timerFormat
9,132,11,scrollToTop
9,133,11,upHoleLaPos
9,134,11,huaweiAgree
9,135,11,screenWidth
9,136,11,removeItems
9,137,11,APP_MESSAGE
9,138,11,getLegalPos
9,139,11,_totalScore
9,140,11,backFlowDay
9,141,11,sessionFrom
9,142,11,timeStampMs
9,143,11,authSetting
9,144,11,isShowNewBg
9,145,11,AudioSource
9,146,11,usereportid
9,147,11,formatArray
9,148,11,NotCrircles
9,149,11,onPostSolve
9,150,11,insertChild
9,151,11,GameCreatJS
9,152,11,fruitPrefab
9,153,11,checkLowFps
9,154,11,Level_Enter
9,155,11,basketTween
9,156,11,breakIceFun
9,157,11,SCORE_CLEAR
9,158,11,RandomAngle
9,159,11,progressFun
9,160,11,canGetTTRwd
9,161,11,checkNewDay
9,162,11,AddShareNum
9,163,11,ENUM_RESSub
9,164,11,onGameSkill
9,165,11,bg/btnClose
9,166,11,bg/titleLa0
9,167,11,bg/titleLa1
9,168,11,selfDataFun
9,169,11,getResAsync
9,170,11,btnRightFun
9,171,11,backAllLoad
9,172,11,GbzWinLayer
9,173,11,changeFruit
9,174,11,initContent
9,175,11,env_version
9,176,11,ADD_TO_CART
9,177,11,Server-Time
9,178,11,networkType
9,179,11,getLostMaps
9,180,11,CREATE_ROLE
9,181,11,NavigateBtn
9,182,11,./TxList.ts
9,183,11,./index.mjs
9,184,11,furitNodes_
9,185,11,isSampleFPS
9,186,11,maxSubSteps
9,187,11,getPropType
9,188,11,battleCheck
9,189,11,windowWidth
9,190,11,AudioEngine
9,191,11,DecryptUtil
9,192,11,decryptJson
9,193,11,isConnected
9,194,11,getDateTime
9,195,11,DataManager
9,196,11,getSkinData
9,197,11,addAdTicket
9,198,11,useAdTicket
9,199,11,关卡数据_1-200关
9,200,11,px; height:
9,201,11,appendChild
9,202,11,removeChild
9,203,11,getDuration
9,204,11,END_CONTACT
9,205,11,30分钟内只能提交一次
9,206,11,fruitTextBg
9,207,11,addViewTime
9,208,11,isReviveTip
9,209,11,loadPrefabb
9,210,11,GbzLvCommon
9,211,11,FIXED_WIDTH
9,212,11,GbzInstance
9,213,11,creatorPool
9,214,11,bg/titleLa2
9,215,11,Game Master
9,216,11,IHttpMethod
9,217,11,onShowYinsi
9,218,11,titleLayout
9,219,11,updateItems
9,220,11,GridManager
9,221,11,", traceid: "
9,222,11,miniprogram
9,223,11,toPrimitive
9,224,11,PROXY_ERROR
9,225,11,toUpperCase
9,226,11,条按优先级排序的队列：
9,227,11,unsubscribe
9,228,11,获取场景值和渠道号失败
9,229,11,返回上报回调数据异常：
9,230,11,bestVersion
9,231,11,downloadUrl
9,232,11,openid 格式错误
9,233,11,app_version
9,234,11,maxAttempts
9,235,11,centerFirst
9,236,11,LevelConfig
9,237,11,md5_vm_test
9,238,11,randomFloat
9,239,11,showFlyGold
9,240,11,showLabelUp
9,241,11,showBoomEff
9,242,11,createImage
9,243,11,randomRange
9,244,11,is_new_user
9,245,11,LOAD_FINISH
9,246,11,LEVEL_ENTER
9,247,11,Theme_Click
9,248,11,THEME_CLICK
9,249,11,applyUpdate
9,250,11,登录请求失败，已重试 
9,251,11,网络较差，广告加载失败
9,252,11,"广告展示失败,稍后重试"
9,253,11,GetUserInfo
9,254,11,accessInfo=
10,0,12,getComponent
10,1,12,particleType
10,2,12,lastMultiple
10,3,12,configurable
10,4,12,ad_banner_id
10,5,12,addComponent
10,6,12,scheduleOnce
10,7,12,localStorage
10,8,12,btnFirstWall
10,9,12,./GbzEnum.ts
10,10,12,game_vibrate
10,11,12,_audioSource
10,12,12,holeCompBind
10,13,12,firstLevelBg
10,14,12,jointGearMgr
10,15,12,./GameMgr.ts
10,16,12,zoomCallback
10,17,12,woodenObsMax
10,18,12,curThemeType
10,19,12,shuffleArray
10,20,12,vibrateShort
10,21,12,queueManager
10,22,12,IS_OPEN_TEST
10,23,12,columnWidths
10,24,12,./GameMsg.ts
10,25,12,gravityScale
10,26,12,hideCollider
10,27,12,boundaryLine
10,28,12,getTimestamp
10,29,12,loading_rate
10,30,12,curTeamIndex
10,31,12,fruitsLayout
10,32,12,action_param
10,33,12,onReportFail
10,34,12,todayAdCount
10,35,12,/spriteFrame
10,36,12,cgiBatchSize
10,37,12,passiveShare
10,38,12,screenHeight
10,39,12,LAYER_Advise
10,40,12,currentLevel
10,41,12,creatBoxBoom
10,42,12,rankingIndex
10,43,12,btn_gameClub
10,44,12,device_brand
10,45,12,videoHandled
10,46,12,retryRequest
10,47,12,isColliderLR
10,48,12,responseText
10,49,12,GbzRankLayer
10,50,12,GAME_PLAYBGM
10,51,12,itemADCounts
10,52,12,videobtn_get
10,53,12,isValidValue
10,54,12,maxTeamCount
10,55,12,EventHandler
10,56,12,inner_status
10,57,12,isUpdateDrow
10,58,12,_audiosQueue
10,59,12,offAllCaller
10,60,12,btnRemoveFun
10,61,12,realSaveUser
10,62,12,Content-Type
10,63,12,moveFruitAll
10,64,12,getMaxRadius
10,65,12,onItemRender
10,66,12,recycleFruit
10,67,12,selfDataNode
10,68,12,initAudioEnd
10,69,12,模拟成功，激励奖励已发放
10,70,12,interactable
10,71,12,device_model
10,72,12,inspectDelay
10,73,12,visibleSize_
10,74,12,videoSuccess
10,75,12,assetManager
10,76,12,isLRAddForce
10,77,12,stopAllByTag
10,78,12,vegetableStr
10,79,12,seaAnimalStr
10,80,12,GbzMenuLayer
10,81,12,GbzMainLayer
10,82,12,fruitcomList
10,83,12,_logoInitPos
10,84,12,_fansInitPos
10,85,12,_rankInitPos
10,86,12,RankDataComp
10,87,12,source_scene
10,88,12,initLvConfig
10,89,12,getAdSoureAd
10,90,12,./RTQueue.ts
10,91,12,_maxAudioNum
10,92,12,SkeletonData
10,93,12,rightmouseup
10,94,12,GameLanucher
10,95,12,setUndergoLv
10,96,12,GetQuatForV3
10,97,12,fallbackMode
10,98,12,CarMoveLayer
10,99,12,rankWordDate
10,100,12,loadNewLevel
10,101,12,disturbFruit
10,102,12,GbzExitLayer
10,103,12,GbzWin2Layer
10,104,12,GbzFansLayer
10,105,12,labChallenge
10,106,12,DynamicLabel
10,107,12,onCominHomew
10,108,12,namePrefixes
10,109,12,nameSuffixes
10,110,12,specialNames
10,111,12,onFriendRank
10,112,12,WxTTPlatform
10,113,12,Video_Finish
10,114,12,formatWeight
10,115,12,updateConfig
10,116,12,setTimeStamp
10,117,12,fromCharCode
10,118,12,inspectTimer
10,119,12,dealFailData
10,120,12,useAutoTrack
10,121,12,fail_handler
10,122,12,curLvMoveDir
10,123,12,parentSprite
10,124,12,virbrateMode
10,125,12,resurrection
10,126,12,eliminateAll
10,127,12,initFruitArr
10,128,12,getCurCityId
10,129,12,getLvDiffNum
10,130,12,getCurlvName
10,131,12,base64Decode
10,132,12,./Handler.ts
10,133,12,MOUSE_EVENTS
10,134,12,setFruitType
10,135,12,onEndContact
10,136,12,./ViewFPS.ts
10,137,12,moveDistance
10,138,12,setPysicsMgr
10,139,12,getUndergoLv
10,140,12,genLvMapData
10,141,12,opacityTween
10,142,12,breakAllWall
10,143,12,showFruitEff
10,144,12,checkRecycle
10,145,12,checkHighFps
10,146,12,GbzBaselayer
10,147,12,bg/propIcon0
10,148,12,bg/propIcon1
10,149,12,loadENUM_RES
10,150,12,fillMaxWidth
10,151,12,onSkillClick
10,152,12,ttcheckScene
10,153,12,getTodayDate
10,154,12,dyConversion
10,155,12,TOUCH_CANCEL
10,156,12,createFruits
10,157,12,GridListView
10,158,12,screen_width
10,159,12,actionIdList
10,160,12,Sign-Version
10,161,12,content-type
10,162,12,statusCode: 
10,163,12,上报失败，请先完成初始化
10,164,12,createAction
10,165,12,minigame/get
10,166,12,JointGearMgr
10,167,12,getLegalPos2
10,168,12,getLegalPos3
10,169,12,undergoLvnew
10,170,12,ReportHelper
10,171,12,./LabelUp.ts
10,172,12,outlineColor
10,173,12,outlineWidth
10,174,12,pkShareImage
10,175,12,requestLogin
10,176,12,loginSuccess
10,177,12,windowHeight
10,178,12,__audioMgr__
10,179,12,taomumao2025
10,180,12,CloudManager
10,181,12,callFunction
10,182,12,removeBundle
10,183,12,intervalDays
10,184,12,specialCount
10,185,12,<h2>关卡数据导出 (
10,186,12,isMouseEvent
10,187,12,activeCircle
10,188,12,showCollider
10,189,12,text-changed
10,190,12,viewMaxTime_
10,191,12,CC2_SCREWBOX
10,192,12,json_encrypt
10,193,12,prefab/Home/
10,194,12,sprite/Home/
10,195,12,prefab/Game/
10,196,12,sprite/Game/
10,197,12,onGameRevive
10,198,12,bg/propInfo0
10,199,12,bg/propInfo1
10,200,12,getFrameSize
10,201,12,FIXED_HEIGHT
10,202,12,=======视频转分享
10,203,12,checkSession
10,204,12,GbzUIManager
10,205,12,backGameLoad
10,206,12,backHomeLoad
10,207,12,scrollToLeft
10,208,12,serviceShare
10,209,12,ad_native_id
10,210,12," , message: "
10,211,12,JS_RUN_ERROR
10,212,12,JS_QUEUE_LOG
10,213,12,VIEW_CONTENT
10,214,12,onCreateRole
10,215,12,action_types
10,216,12,createCanvas
10,217,12,不支持非微信小游戏中使用
10,218,12,unionid 格式错误
10,219,12,custom_param
10,220,12,network_type
10,221,12,hex_hmac_md5
10,222,12,b64_hmac_md5
10,223,12,str_hmac_md5
10,224,12,GetRandColor
10,225,12,RandAreaData
10,226,12,ReferenceMgr
10,227,12,ad_getreward
10,228,12,reportLvTime
10,229,12,getRandomArr
10,230,12,updateAvatar
10,231,12,./PiaoEff.ts
10,232,12,./logoCom.ts
10,233,12,./expJson.ts
10,234,12,./TestMgr.ts
10,235,12,unlockSingle
10,236,12,当前基础库版本暂不支持。
10,237,12,previewImage
11,0,13,num100reduce2
11,1,13,lastTypeScale
11,2,13,num100reduce1
11,3,13,inheritsLoose
11,4,13,./DebugLog.ts
11,5,13,btnSecondWall
11,6,13,lv2_3_5Config
11,7,13,MoveDirection
11,8,13,fruitCollider
11,9,13,squeezeCircle
11,10,13,halfGameWidth
11,11,13,linearDamping
11,12,13,startViewTime
11,13,13,fruitTotalNum
11,14,13,woodenObsBase
11,15,13,num100Base1_2
11,16,13,num100Base3_2
11,17,13,fallStartPos_
11,18,13,setItemActive
11,19,13,oneTypeEndNum
11,20,13,dirtectionTip
11,21,13,_GbzMainLayer
11,22,13,btn_fruitBook
11,23,13,position_back
11,24,13,./WxIAAMgr.ts
11,25,13,./GlobalXZ.ts
11,26,13,adTicketCount
11,27,13,feedback_type
11,28,13,obstaclesRoot
11,29,13,playChuiziEff
11,30,13,onceEventName
11,31,13,ad_custom_row
11,32,13,ad_custom_col
11,33,13,lightningNode
11,34,13,navigateAppid
11,35,13,initParameter
11,36,13,CreateFruitEd
11,37,13,closeViewTime
11,38,13,configManager
11,39,13,gameStartTime
11,40,13,setfruitScale
11,41,13,connectedBody
11,42,13,firstLevelIDS
11,43,13,LAYER_SETTING
11,44,13,restoreSprite
11,45,13,isWxIAAReport
11,46,13,videoFailOnce
11,47,13,holeFruitTyes
11,48,13,lastComboTime
11,49,13,loginFeedback
11,50,13,checkSlotLose
11,51,13,_gbzMainLayer
11,52,13,_shareInitPos
11,53,13,getRandomHead
11,54,13,initCustomRow
11,55,13,initCustomCol
11,56,13,encryptedData
11,57,13,lastDirection
11,58,13,isAllReloaded
11,59,13,checkCallback
11,60,13,reportLostNum
11,61,13,core_hmac_md5
11,62,13,uploadPkScore
11,63,13,storeFeedData
11,64,13,disappearTime
11,65,13,dayAdNumDatas
11,66,13,holeFruitRule
11,67,13,comboInterval
11,68,13,./HoleComp.ts
11,69,13,jointGraphics
11,70,13,btnDisturbFun
11,71,13,isVideo2Share
11,72,13,setStatsColor
11,73,13,openTTRequest
11,74,13,openFruitBook
11,75,13,openWXService
11,76,13,openRankLayer
11,77,13,setMainBtnPos
11,78,13,btnFriendShow
11,79,13,uiVibrateOpen
11,80,13,showRecommend
11,81,13,checkShortcut
11,82,13,Ad_Impression
11,83,13,showCustomRow
11,84,13,showCustomCol
11,85,13,LAYER_REQUEST
11,86,13,getNumFromStr
11,87,13,platformAgree
11,88,13,getSystemInfo
11,89,13,getActionList
11,90,13,removeActions
11,91,13,loadRecommend
11,92,13,adTicketMaxLv
11,93,13,./SelfPool.ts
11,94,13,bytesToString
11,95,13,IsPointInRect
11,96,13,addTouchFruit
11,97,13,checkDropWall
11,98,13,electricShock
11,99,13,GbzAviseLayer
11,100,13,onTextChanged
11,101,13,FruitBookComp
11,102,13,lightMaterial
11,103,13,changeThemeBG
11,104,13,TutorialStart
11,105,13,showlightning
11,106,13,getMatchFruit
11,107,13,joinRoomError
11,108,13,resetGameData
11,109,13,ENUM_UIReload
11,110,13,reportEnterLv
11,111,13,fruitBookShow
11,112,13,HomePage_View
11,113,13,getPlayerRank
11,114,13,friendRankFun
11,115,13,GbzThemeLayer
11,116,13,GbzTTcblLayer
11,117,13,screen_height
11,118,13,enter_options
11,119,13,TAP_GAME_CLUB
11,120,13,MidasGameItem
11,121,13,getInitResult
11,122,13,canCreateLine
11,123,13,initUndergoLv
11,124,13,loadFromCache
11,125,13,./GbzUtils.ts
11,126,13,./RandTool.ts
11,127,13,setSpriteGray
11,128,13,enableOutline
11,129,13,VideoShareCom
11,130,13,checkMyGamaIn
11,131,13,scheduleRetry
11,132,13,httpWithRetry
11,133,13,GetIsNewTheme
11,134,13,showShareMenu
11,135,13,CCPoolManager
11,136,13,edgeThreshold
11,137,13,bundleLoadRes
11,138,13,bundelRelease
11,139,13,CheckIsInRect
11,140,13,getTimeString
11,141,13,</head><body>
11,142,13,createElement
11,143,13,setComboSound
11,144,13,Contact2DType
11,145,13,BEGIN_CONTACT
11,146,13,dragFruitNode
11,147,13,BoxCollider2D
11,148,13,repeatForever
11,149,13,transformQuat
11,150,13,gameLoopStart
11,151,13,canReviveTime
11,152,13,PROFILER-NODE
11,153,13,Extreme Gamer
11,154,13,GbzResManager
11,155,13,GbzSdkManager
11,156,13,verticalAlign
11,157,13,VerticalAlign
11,158,13,RESIZE_HEIGHT
11,159,13,style/fruitBg
11,160,13,ad_video_id: 
11,161,13,REMOTE_CONFIG
11,162,13,REQUEST_ERROR
11,163,13,缓存队列已满，主动丢弃行为
11,164,13,callback 不是函数
11,165,13,QUEUE_ACTIONS
11,166,13,[Param Error]
11,167,13,blackVersions
11,168,13,polygonCircle
11,169,13,addDeathScore
11,170,13,死亡奖励分数加1，当前分数
11,171,13,广告奖励分数加1，当前分数
11,172,13,getDebugScore
11,173,13,./GbzIndex.ts
11,174,13,./autoGame.ts
11,175,13,./BgCtrCom.ts
11,176,13,./CloudMgr.ts
11,177,13,./gridInfo.ts
11,178,13,./FruitMgr.ts
11,179,13,✨IAA_SDK初始化成功
11,180,13,✨登录成功，openid：
11,181,13,HOMEPAGE_VIEW
11,182,13,AD_IMPRESSION
11,183,13,maxLoginRetry
11,184,13,onUpdateReady
11,185,13,PK_Invitation
12,0,14,getChildByName
12,1,14,fakeGame_level
12,2,14,fruitRigidbody
12,3,14,calculatedInfo
12,4,14,stopFruitDownY
12,5,14,_dayAdNumDatas
12,6,14,challengeCount
12,7,14,halfGameHeight
12,8,14,lastTouchFruit
12,9,14,requestTimeout
12,10,14,dayShareNowNum
12,11,14,RandIncludeAll
12,12,14,enter_level_id
12,13,14,cityUnlockData
12,14,14,黑洞数量(动态数据仅供参考)
12,15,14,defineProperty
12,16,14,ticketInterval
12,17,14,lostActionMaps
12,18,14,user_unique_id
12,19,14,GameClubButton
12,20,14,groupPlayCount
12,21,14,linearVelocity
12,22,14,position_front
12,23,14,getVisibleSize
12,24,14,collectTexture
12,25,14,wx_lib_version
12,26,14,activeDuration
12,27,14,_eventListener
12,28,14,AdPlatformBase
12,29,14,newAudioSource
12,30,14,targetMaterial
12,31,14,multiplyScalar
12,32,14,FruitDownLayer
12,33,14,getedFruitList
12,34,14,losePanelTween
12,35,14,delegateUpdate
12,36,14,lastContentPos
12,37,14,launch_options
12,38,14,on_report_fail
12,39,14,regressionTime
12,40,14,audioEngineMap
12,41,14,btn_FruitClick
12,42,14,isSpecialProp_
12,43,14,reportGameLose
12,44,14,setContentSize
12,45,14,hasOwnProperty
12,46,14,getRandomLevel
12,47,14,spriteSetToken
12,48,14,updateProgress
12,49,14,isGameReloaded
12,50,14,isHomeReloaded
12,51,14,createBannerAd
12,52,14,setPrototypeOf
12,53,14,pkg_channel_id
12,54,14,actionReporter
12,55,14,startCounterDt
12,56,14,onEffectFinish
12,57,14,lastUploadData
12,58,14,rightmousedown
12,59,14,onMoveFruitAll
12,60,14,angularDamping
12,61,14,addInSlotFruit
12,62,14,lastSubmitTime
12,63,14,./FruitComp.ts
12,64,14,repairSkinData
12,65,14,GbzGetRewLayer
12,66,14,FruitBookLayer
12,67,14,sameIDHitSound
12,68,14,rangkingConfig
12,69,14,get_level_data
12,70,14,onClickButtons
12,71,14,updataDataList
12,72,14,scrollToOffset
12,73,14,getPrototypeOf
12,74,14,maxSdkInstance
12,75,14,maxQueueLength
12,76,14,updateAllStack
12,77,14,caculateWeight
12,78,14,compareVersion
12,79,14,canCreateLines
12,80,14,RandIncludeMin
12,81,14,stopLoginRetry
12,82,14,getCurCityName
12,83,14,game_level_max
12,84,14,getMoveDirText
12,85,14,formatCountArr
12,86,14,playComboSound
12,87,14,hitSoundDistSq
12,88,14,onBeginContact
12,89,14,./localData.ts
12,90,14,./PkManager.ts
12,91,14,./ChuiziCom.ts
12,92,14,normalMaterial
12,93,14,mapCreateJoint
12,94,14,getMinDistance
12,95,14,canMatchInSlot
12,96,14,getBottomFruit
12,97,14,customMaterial
12,98,14,set_level_data
12,99,14,setSpriteFrame
12,100,14,changeToCircle
12,101,14,./TickCntlr.ts
12,102,14,reportGamePass
12,103,14,RankList_Enter
12,104,14,lastUpdateDate
12,105,14,MAX_DYWX_RETRY
12,106,14,wxGetUserLabel
12,107,14,scrollToBottom
12,108,14,JOIN_GAME_ROOM
12,109,14,getAngleForPos
12,110,14,./LvConfig1.ts
12,111,14,./LvConfig3.ts
12,112,14,./CusReport.ts
12,113,14,ScrollListItem
12,114,14,GameClub_Enter
12,115,14,getAppBaseInfo
12,116,14,rebuildVideoAd
12,117,14,createCustomAd
12,118,14,getEnvInfoSync
12,119,14,CalculatedInfo
12,120,14,</body></html>
12,121,14,editing-return
12,122,14,debugDrawFlags
12,123,14,GbzDataManager
12,124,14,GbzFadeManager
12,125,14,lastPaintIndex
12,126,14,GbzGameManager
12,127,14,challengeReady
12,128,14,main/btn_start
12,129,14,GbzPoolManager
12,130,14,Hell Messenger
12,131,14,getSpriteFrame
12,132,14,del_level_data
12,133,14,style/aniPanel
12,134,14,stopAutoScroll
12,135,14,initWaitLoagin
12,136,14,createNativeAd
12,137,14,load ad error:
12,138,14,", statusCode: "
12,139,14,QUEUE_LOST_MAP
12,140,14,QUEUE_LOST_NUM
12,141,14,getStorageSync
12,142,14,setStorageSync
12,143,14,benchmarkLevel
12,144,14,getNetworkType
12,145,14,[object Array]
12,146,14,COMPLETE_ORDER
12,147,14,queue_lost_num
12,148,14,网络请求最大并发量不能小于1
12,149,14,获取托管策略的入参解析异常：
12,150,14,weixin_version
12,151,14,Intersection2D
12,152,14,LayoutRectSafe
12,153,14,perimeterFirst
12,154,14,LvConfig1_easy
12,155,14,RandIncludeMax
12,156,14,RandResultData
12,157,14,getRandomArray
12,158,14,./JumpLvBtn.ts
12,159,14,./LayoutIMy.ts
12,160,14,./LvConfig2.ts
12,161,14,./IceFollow.ts
12,162,14,./DragFruit.ts
12,163,14,TUTORIAL_START
12,164,14,✨IAA_SDK  中途退出
12,165,14,✨IAA_SDK  关卡失败
12,166,14,✨IAA_SDK  关卡胜利
12,167,14,RANKLIST_ENTER
12,168,14,GAMECLUB_ENTER
12,169,14,激励视频点位在界面中渲染完毕
12,170,14,game_addiction
12,171,14,scope.userInfo
13,0,15,isServerArchive
13,1,15,stopAllByTarget
13,2,15,holeItemTypeArr
13,3,15,fruitRemnantNum
13,4,15,woodenObsEasylv
13,5,15,oneTypeStartNum
13,6,15,curCollectCount
13,7,15,calculatedInfo_
13,8,15,userActionSetId
13,9,15,mergeStorageKey
13,10,15,updateAlignment
13,11,15,LAYER_LOSE_FULL
13,12,15,GbzGetItemLayer
13,13,15,angularVelocity
13,14,15,ENUM_GAME_STATE
13,15,15,setCollisionMgr
13,16,15,loginRetryCount
13,17,15,AddDayAdShowNum
13,18,15,./CityConfig.ts
13,19,15,refreshSkillBtn
13,20,15,reportThreshold
13,21,15,updateToStorage
13,22,15,navigateAppName
13,23,15,navigateAppPath
13,24,15,updateFruitText
13,25,15,ADD_TO_WISHLIST
13,26,15,shareAppMessage
13,27,15,EventDispatcher
13,28,15,isShowedlandEff
13,29,15,showGameMoveAni
13,30,15,fruitColorTween
13,31,15,btn_addShortcut
13,32,15,_serviceInitPos
13,33,15,_settingInitPos
13,34,15,setItemPosition
13,35,15,localStorageKey
13,36,15,_isPositionSafe
13,37,15,getOriginalSize
13,38,15,_createListener
13,39,15,onCreateFruitEd
13,40,15,removeComponent
13,41,15,onEliminatePair
13,42,15,onButtonTouched
13,43,15,policeLineFruit
13,44,15,Tutorial_Finish
13,45,15,GbzCarMoveLayer
13,46,15,GbzSettingLayer
13,47,15,initRankingData
13,48,15,vibrateLastTime
13,49,15,navigateToScene
13,50,15,horizontalAlign
13,51,15,HorizontalAlign
13,52,15,statusBarHeight
13,53,15,isPlatformAgree
13,54,15,getExptInfoSync
13,55,15,showMessageCard
13,56,15,resetVideoState
13,57,15,getNextCityName
13,58,15,AutoLightEffect
13,59,15,./CCNodePool.ts
13,60,15,headerRowHeight
13,61,15,formatCountArr2
13,62,15,./StreakComp.ts
13,63,15,DistanceJoint2D
13,64,15,./ScoreLvMgr.ts
13,65,15,PhysicsSystem2D
13,66,15,breakSingleWall
13,67,15,bottomFruitAnim
13,68,15,SCORE_ELIMINATE
13,69,15,onGetWxMyGameIn
13,70,15,onCreateFuitAll
13,71,15,bg/videobtn_get
13,72,15,GbzLoadingLayer
13,73,15,editorBoxChange
13,74,15,_mainBtnInitPos
13,75,15,updateNPCLevels
13,76,15,fillMissingData
13,77,15,./HwPlatform.ts
13,78,15,vibrateCooldown
13,79,15,new platformApi
13,80,15,setNavigateData
13,81,15,行为携带的金额参数需要为数字！
13,82,15,行为携带的金额参数需要大于0！
13,83,15,benchmark_level
13,84,15,[object Object]
13,85,15,TUTORIAL_FINISH
13,86,15,onShareTimeline
13,87,15,customStringify
13,88,15,dealSuccessData
13,89,15,setUserUniqueId
13,90,15,quadraticBezier
13,91,15,getCityIdByName
13,92,15,getCurFruitName
13,93,15,cameraMoveSpeed
13,94,15,createObjectURL
13,95,15,revokeObjectURL
13,96,15,GbzAudioManager
13,97,15,recoverViewTime
13,98,15,Stage Conqueror
13,99,15,Invincible Hero
13,100,15,GbzToastManager
13,101,15,getScrollOffset
13,102,15,yinliyinqingCom
13,103,15,通过SDK上报的openid：
13,104,15,网络请求最大并发量不能大于10
13,105,15,网络请求最大并发量需设置为数字
13,106,15,onAddToWishlist
13,107,15,（如果确认无误，请忽略该提示）
13,108,15,app_env_version
13,109,15,RandPlusOrMinus
13,110,15,ReferenceLayMgr
13,111,15,ReferenceLvInfo
13,112,15,./JDPlatform.ts
13,113,15,./CocosUtils.ts
13,114,15,./VibrateCom.ts
13,115,15,wrapNativeSuper
13,116,15,AD_VIDEO_FINISH
13,117,15,tutorial_result
13,118,15,wx.login failed
13,119,15,expt_1779248773
13,120,15,getGameExptInfo
14,0,16,cityFruitNameArr
14,1,16,fruitsInSlotComp
14,2,16,./GbzInstance.ts
14,3,16,asyncToGenerator
14,4,16,woodenObsEasyLv2
14,5,16,removeFromParent
14,6,16,curHoleFruitTyes
14,7,16,feedback_content
14,8,16,onReportComplete
14,9,16,./FruitConfig.ts
14,10,16,GetdayAdNumDatas
14,11,16,AddDayAdClickNum
14,12,16,ruleDescriptions
14,13,16,createFruitNodes
14,14,16,LAYER_ShowGetRew
14,15,16,loadPrefabbAsync
14,16,16,getTrackBaseInfo
14,17,16,setRequestHeader
14,18,16,application/json
14,19,16,ERigidBody2DType
14,20,16,ENTER_FOREGROUND
14,21,16,hasPopupSlotItem
14,22,16,ParticleSystem2D
14,23,16,navigateMiniOpen
14,24,16,./LevelConfig.ts
14,25,16,_gameClubInitPos
14,26,16,platformNotAgree
14,27,16,setItemPositionX
14,28,16,setItemPositionY
14,29,16,ENTER_BACKGROUND
14,30,16,ad_custom_row_id
14,31,16,ad_custom_col_id
14,32,16,computWxPosition
14,33,16,GetDayAdNumDatas
14,34,16,_recoverHandlers
14,35,16,CircleCollider2D
14,36,16,materialAttacked
14,37,16,GbzLoseFullLayer
14,38,16,dyWxGetUserLabel
14,39,16,@dn-sdk/minigame
14,40,16,updateLostAction
14,41,16,enter_game_scene
14,42,16,checkReprotState
14,43,16,processLevelData
14,44,16,formatGHoleArray
14,45,16,./AudioEngine.ts
14,46,16,firsrLevelRound2
14,47,16,resetForNewLevel
14,48,16,resetViewTimeNum
14,49,16,recycleDownFruit
14,50,16,canPopupSlotItem
14,51,16,findSafePosition
14,52,16,PkPropNumRefresh
14,53,16,reportEnter_game
14,54,16,requireComponent
14,55,16,onAddToFavorites
14,56,16,CREATE_GAME_CLUB
14,57,16,CREATE_GAME_ROOM
14,58,16,0123456789abcdef
14,59,16,onTutorialFinish
14,60,16,CalculateCorners
14,61,16,./GridManager.ts
14,62,16,videoSuccessOnce
14,63,16, not have  name 
14,64,16,loadResTexture2D
14,65,16,loadResoucesJson
14,66,16,</tbody></table>
14,67,16,openPhysicsDebug
14,68,16,adjustQRCodeSize
14,69,16,ResolutionPolicy
14,70,16,style/lose_panel
14,71,16,Ultimate Warrior
14,72,16,resetRankingData
14,73,16,style/getBgshade
14,74,16,[object Promise]
14,75,16,[safeExcutable] 
14,76,16,sign error msg: 
14,77,16,缺少 secret_key 参数
14,78,16,createRewardedAd
14,79,16,radiansToDegrees
14,80,16,fallbackStrategy
14,81,16,0123456789ABCDEF
14,82,16,GetLotteryResult
14,83,16,devicePixelRatio
14,84,16,strTipLabUseItem
14,85,16,./DataManager.ts
14,86,16,./DecryptUtil.ts
14,87,16,./NavigateBtn.ts
14,88,16,./GameCreatJS.ts
14,89,16,./GbzWinLayer.ts
14,90,16,reflectionVector
14,91,16,getUpdateManager
14,92,16,onCheckForUpdate
14,93,16,reportSceneAgain
14,94,16,isAuhorizeFriend
17,0,19,./GbzDataManager.ts
17,1,19,./GbzPoolManager.ts
17,2,19,setSpriteFrameAsync
17,3,19,currentRequestCount
17,4,19,uploadLocalToServer
17,5,19,changelinearDamping
17,6,19,isColliderSlotFruit
17,7,19,./ScrollListItem.ts
17,8,19,./CalculatedInfo.ts
17,9,19,lStartLoadAllBackUI
17,10,19,BYTEDANCE_MINI_GAME
17,11,19,_skillClickHandlers
17,12,19,_gift_value_success
17,13,19,./AdPlatformBase.ts
17,14,19,initContactCallBack
17,15,19,SetSpriteSizeHeight
17,16,19,GbzPropSpecialLayer
17,17,19,setResolutionPolicy
17,18,19,updateForReportFail
17,19,19,addActionInnerParam
17,20,19,modifyPhysicSetting
17,21,19,setUserCloudStorage
17,22,19,./LayoutRectSafe.ts
17,23,19,markSlotItemPopuped
17,24,19,battleGetUsetInfoEd
17,25,19,buttons/btn_vibrate
17,26,19,validateActionParam
17,27,19,./LvConfig1_easy.ts
17,28,19,convertToWorldSpace
17,29,19,getEnterOptionsSync
17,30,19,WxFriendInteraction
17,31,19,BaseEventDispatcher
17,32,19,loadResSkeletonData
17,33,19,getDevicePixelRatio
17,34,19,3. 问号水果采用纯随机方式抽取生成。
17,35,19,EPhysics2DDrawFlags
17,36,19,StartLoadGameBackUI
17,37,19,StartLoadHomeBackUI
17,38,19,buttons2/btn_submit
17,39,19,buttons/btn_zhuxiao
17,40,19,可能有误，请检查openid是否正确！
17,41,19,getOwnPropertyNames
17,42,19,requestMidasPayment
17,43,19,executeSend catch: 
17,44,19,initializedInstance
17,45,19,缺少 openid 或 unionid
17,46,19,user_unique_id 格式错误
17,47,19,revised_action_time
17,48,19,./GbzFadeManager.ts
17,49,19,./GbzGameManager.ts
17,50,19,./GbzGetRewLayer.ts
17,51,19, 天，触发 JS onReActive
18,0,20,./GbzAudioManager.ts
18,1,20,onGetTTRequestcutRwd
18,2,20,getLaunchOptionsSync
18,3,20,convertToNodeSpaceAR
18,4,20,./GbzToastManager.ts
18,5,20,createGameClubButton
18,6,20,callItemScriteUpdate
18,7,20,recommendPageManager
18,8,20,./ReferenceLayMgr.ts
18,9,20,getReportableActions
18,10,20,isConnectFruitsExist
18,11,20,熬夜消水果，过不了第二关，谁来帮帮我呀？
18,12,20,./EventDispatcher.ts
18,13,20,lastReportedProgress
18,14,20,requestFeedSubscribe
18,15,20,ttb19ec7232ea85b8702
18,16,20,createInterstitialAd
18,17,20,actionParamMaxLength
18,18,20,default_download_url
18,19,20,_getFallbackPosition
18,20,20,getCurCitySimpleName
18,21,20,getCityTotalProgress
18,22,20,resetSlotItemPopuped
18,23,20,lStartLoadGameBackUI
18,24,20,lStartLoadHomeBackUI
18,25,20,getNoClaimActionList
18,26,20,mini_game_sdk_common
18,27,20,queue_lost_timestamp
18,28,20,convetOtherNodeSpace
18,29,20,setRotationFromEuler
18,30,20,getCurMooncakeIdByLv
18,31,20,</tr></thead><tbody>
18,32,20,getServerNavigateCfg
18,33,20,REMOTE_COMMON_CONFIG
18,34,20,REQUEST_CONFIG_ERROR
18,35,20,getGameServerManager
18,36,20,appid 参数需为 string 类型
18,37,20,JointRestorePosition
18,38,20,./GbzCarMoveLayer.ts
18,39,20,./GbzGetItemLayer.ts
18,40,20,./GbzLoadingLayer.ts
18,41,20,./GbzSettingLayer.ts
19,0,21,assertThisInitialized
19,1,21,convertToWorldSpaceAR
19,2,21,special_method_symbol
19,3,21,getBoundingBoxToWorld
19,4,21,onChangeLinearDamping
19,5,21,createRewardedVideoAd
19,6,21,setRequestConcurrency
19,7,21,onNetworkStatusChange
19,8,21,setEnabledAccumulator
19,9,21,getRealTimeActionList
19,10,21,queue_lost_session_id
19,11,21,isPointInVec2InMatrix
19,12,21,check scene success: 
19,13,21, error with arguments
19,14,21,获取托管策略的入参需为 object 类型
19,15,21,navigateToMiniProgram
19,16,21,RandPlusOrMinusAsBool
19,17,21,ScoreLvMgr_LevelCache
19,18,21,getRandomIntInclusive
19,19,21,./GbzLoseFullLayer.ts
21,0,23,contrastServerLevelDate
21,1,23,setLeftAndRightBoxWidth
21,2,23,overrideLocalWithServer
21,3,23,./GbzTTAddtableLayer.ts
21,4,23,getComponentsInChildren
21,5,23,19c5aMSuXpBz4uvDRWR5oHr
21,6,23,acf520OJytAxa5ekqX+w531
21,7,23,61e85oyla1M+rWVc0ob1xLa
21,8,23,941204WFQNPVI53n5mYMzOj
21,9,23,36265G80BJCQ53Psks9UD9D
21,10,23,6ad69nt3wRDApprbpdjggrp
21,11,23,46d77BVM9JKFLZIdDrTwrJG
21,12,23,514ee+7mfpPzaXWM1+0QdHi
21,13,23,be5fe4D6NxK1YLtRIN7eVWt
21,14,23,4f368eEohxLP56G4KmXeyHu
21,15,23,0c495w+CwdIiJ2rChkM4w5B
21,16,23,756beZ6z0hF55pJdo4Z0B36
21,17,23,846692SKIxGB4ExEMuPKi3+
21,18,23,35bd5+7fYhOja80EYdgkeuB
21,19,23,59aadvBsNVHLZzOZru52DGq
21,20,23,0ff578h29lFgpVQKY68qLZB
21,21,23,b8f34r1lmZKb6/WSof5ViNL
21,22,23,cbc3fiRx/hLopAEtKEDVsDT
21,23,23,296acgPi1pN2LoxOc6r4JVg
21,24,23,065e87xdWdGAL53glDflLx+
21,25,23,6bc54al2YpPu7IDmmJOWzxV
21,26,23,text/html;charset=utf-8
21,27,23,14a36Ji0zNFoqxXDy36Rvip
21,28,23,2268bBt3ndCXqORnn1ceeMQ
21,29,23,FruitPositionCalculator
21,30,23,c9328VJBTZKDKNXQfsrk2ST
21,31,23,a15438Vd/5MzJSqFKAj6ViC
21,32,23,d0cbfZE7HhEdYOVgy/v3E6s
21,33,23,fefd0XKWvBC7bioUQPoOoSe
21,34,23,5a1307lnl5GiY1U+r4sHG9t
21,35,23,dbb58wIh1lA1LX7NIY8fsHK
21,36,23,28ebf3XjF1IfIgnSzzCjMhD
21,37,23,d2634BH/IBDuqK7wdEJOpTl
21,38,23,1d585fA4iFAr6RPZf4s+WU7
21,39,23,9caa5Do4HBBgqCpgcMfS41R
21,40,23,5e53dba57RP2YRbDtfDJQBt
21,41,23,4a3a4GyhVdCTJtcJ+yZHpTy
21,42,23,2abf0A6ll1IhJlv3bhcjUJN
21,43,23,22671S0d7NP/4/wnTS7ylEC
21,44,23,0253cfZpsZMxrm9b6MPXhSY
21,45,23,b95ecbzeLNL74WI7+VKg9n8
21,46,23,adf6dj1TWpAlLArjFGnbJXf
21,47,23,0c5bbRGoUZPKoZmi32gUXh2
21,48,23,262778VlvxPEKK1dLw7LFiu
21,49,23,8dee9CGwE5NrbcsI8oQa6CF
21,50,23,d967aFPMNhB3rcoIZERodNW
21,51,23,86443jbBh1HRrRCVgHLxLg+
21,52,23,getDesignResolutionSize
21,53,23,453102MJiZGvpbon5n4Q3/F
21,54,23,7c330JdxoVKRZpHO2ppqzfY
21,55,23,6cd43MVVK5NNY+5UtqwDA2W
21,56,23,e92f4H/5+VMCZnr3htu+flw
21,57,23,ec8b0A5Y65HabydgRKe8uoD
21,58,23,c5c8cWHi+dNWpeCH5A4oaZm
21,59,23,cefd4zbwANP1L1y7WydE8dK
21,60,23,4ff01AYmhNCV5aw24pCz3Q8
21,61,23,ecfc40/aCVE6JD1sVRWfB2Y
21,62,23,e03cc5PeeZMUav4h4jw9/Zo
21,63,23,37680PV7WpHyZ6GZYkW7SjI
21,64,23,2c30esmzUVMSbo3h4LMUgQv
21,65,23,72816oqm65Nk612deOWBd6+
21,66,23,15fef17wSlEuaIhCJ1iB0D9
21,67,23,e4a90zCL7NLYL5+0IubBWYJ
21,68,23,67bf2VPib9B17El63LDib8u
21,69,23,95f86NK+rFG2YDQCu58XETZ
21,70,23,198aaN23dBAaL62KzMHr32p
21,71,23,c03f5dy6z9CeaCQD3pKQ26H
21,72,23,34435dUiwVBsb/Yl3hWSdkG
21,73,23,adunit-3b3a6a3ba5fe1890
21,74,23,adunit-fc4ea8a5b124c287
21,75,23,adunit-5a9b4a4c570a9028
21,76,23,adunit-0beeb929e93c04e4
21,77,23,adunit-850055a02d05b479
21,78,23,adunit-d281e2d022aa0192
21,79,23,adunit-405b641d57df5fef
21,80,23,adunit-83bc650eede69b67
21,81,23,5dba1RZ/KRLgbybwk+ZvrXg
21,82,23,9d992VDm1FECo27GTxJW4Cj
21,83,23,f4d795vtPBJVZFjwN4S4rtv
21,84,23,1092cQW53FOl5JQMe6u+gle
21,85,23,660f9dYosVK94gn+yW59a0L
21,86,23,a2e1eTGSSZHyI7JJkoNfs7j
21,87,23,9d3f8UrqJBO7YB5isuzZZYd
21,88,23,03816qQeA1F2r9hRCq/fvhw
21,89,23,6402fTTRW9Gf6vK/V/OdgSl
21,90,23,action_param 参数不是Object
21,91,23,invalid character found
21,92,23,secret_key 参数需为 32 位字符串
21,93,23,action_param 参数过大，不能超过 
21,94,23,f0184AcW6BG8YkzHIVODOEF
21,95,23,48596WE0IJGhLlhhkBar7Zt
21,96,23,f9629AlCotKs5dIJMcaMGhP
21,97,23,5f7f5WXEYpORp6URYlj+aHC
21,98,23,59f92wAndBC4ZdwRttEdV1b
21,99,23,a0041p7ElxMVbhEYQYoOnLB
21,100,23,5907663yQJJTI0B3dKE8H3f
21,101,23,c2101kTvSNHAJ8u8bqcCgd0
21,102,23,c7fcayTVvpASqFTveUWnVBq
21,103,23,11693VhkEJPOrhUFuX9JSB1
21,104,23,fbac7Fsl+hFNKNHBZ4UCj7L
21,105,23,0a11dE7AdhBAaoqiDtzhH+X
21,106,23,ee3af6o3/hJ5qnjBfTwNXcY
21,107,23,a4d24gR9V5AfpFVmkSaZxBE
21,108,23,72a12ngylJKTZpdEfwrZaqM
21,109,23,ba107pYm49Ip6YO7m8Ipz8k
21,110,23,e450e6NuSBPTbiyX+vYS/8K
21,111,23,b098e7l0hlM4aJj7BWlSYEX
21,112,23,1eb62NLT9NKcqi4uXgrDyzG
21,113,23,f80feq1W+9MarJkC21+SmQM
21,114,23,63c68ZPv5tIRqcJmT2E6U1v
21,115,23,3b25a+n9QZLloPCOi2V2rEj
21,116,23,3f81aHTce9Ad4lGCbvn86xe
21,117,23,2d474m4r01PYphV2ofwQ12Y
21,118,23,e9185DqjAVN9J6rNkKkMuko
21,119,23,getReduceFruitTypeCount
21,120,23,355cf5ZHjBECrMMVGHNvEln
21,121,23,509342BxtFHmKe2sY51qfbL
21,122,23,896ecNg16hAz4aUghuhjl5O
21,123,23,./AutoLightEffect%20.ts
21,124,23,./GbzResurgenceLayer.ts
21,125,23,98cf5ooMiFFJ4OFVNmM14Oy
21,126,23,b96e9BmCXNALrx20vaqoefV
21,127,23,4e70dHng9VPdq11Wr0GiT+y
21,128,23,c3434dZ9dRA66I3mfTTJ9/S
21,129,23,a8cb34sMORMLKt+jIPXQ38v
21,130,23,43bb6fKayNBYbX8U1vE9wAT
21,131,23,f5322BTOHxO4pccMz2DMzcP
21,132,23,d3e05fdK21M8Zf5/QI2/jKz
21,133,23,b200bhH7ttKCKqiSzuzk238
21,134,23,WechatGameFile/get_data
21,135,23,c84d2CGDMZLj6w7VDzE3H2f
21,136,23,-----self.openid-------
22,0,24,applyDecoratedDescriptor
22,1,24,getOwnPropertyDescriptor
22,2,24,localConvertWorldPointAR
22,3,24,worldConvertLocalPointAR
22,4,24,checkFeedSubscribeStatus
22,5,24,saveValidOpenidToStorage
22,6,24,text/plain;charset=UTF-8
22,7,24,getAutoProxyRemoteConfig
22,8,24,SYS_MSG_TYPE_INTERACTIVE
22,9,24,roundNumberToTwoDecimals
22,10,24,获取托管策略的入参的字符串长度不能超过10000
22,11,24,./BaseEventDispatcher.ts
22,12,24,./GbzPropSpecialLayer.ts
23,0,25,initializerDefineProperty
23,1,25,[@dn-sdk/minigame v1.5.8]
23,2,25,updateActionsForReporting
23,3,25,getChannelClaimActionList
23,4,25,doReportOnEnterBackground
23,5,25,scope.WxFriendInteraction
23,6,25,ERROR_ACTION_TYPE_INVALID
23,7,25,secret_key 参数需为 string 类型
23,8,25,初始化传入的appid与当前小游戏appid不一致
23,9,25,获取托管策略的回调函数需为 function 类型
23,10,25,chunks:///_virtual/MD5.ts
23,11,25,https://api.devourad.com/
24,0,26,updateActionsForReportFail
24,1,26,getReportableActionsLength
24,2,26,ttcheckFeedSubscribeStatus
24,3,26,generateActionReportParams
24,4,26,cloudbase-4gnwt8be5f2000b2
24,5,26,https://wx.wxxyxnb.com/api
24,6,26,game login with real fail:
24,7,26,user_action_set_id 参数需大于 0
24,8,26,onFeedStatusChange========
25,0,27,exportToHtmlWithExcelButton
25,1,27,getRevisedcurrentTimeMillis
25,2,27,ERROR_ACTION_PARAM_KEY_NULL
25,3,27,chunks:///_virtual/AbMgr.ts
25,4,27,当前缓存开关 bgOn，fgOn，stOn，tiOn：
25,5,27,requestMidasPaymentGameItem
25,6,27,未完成初始化或重复初始化导致初始化失败，请先完成初始化
25,7,27,chunks:///_virtual/IPool.ts
25,8,27,chunks:///_virtual/Tool2.ts
26,0,28,ZXMTG_Test_GAME_CACHE_gameLv
26,1,28,```````````获取系统信息···········
26,2,28,chunks:///_virtual/index.mjs
26,3,28,条，SDK将按照行为优先级排序，丢弃优先级最低的行为事件
26,4,28,在track方法中，action_type参数不能为空！
26,5,28,chunks:///_virtual/SOUtil.ts
26,6,28,./FruitPositionCalculator.ts
26,7,28,chunks:///_virtual/TxList.ts
27,0,29,requestSubscribeSystemMessage
27,1,29,chunks:///_virtual/expJson.ts
27,2,29,chunks:///_virtual/GameMgr.ts
27,3,29,chunks:///_virtual/GameMsg.ts
27,4,29,chunks:///_virtual/GbzEnum.ts
27,5,29,chunks:///_virtual/Handler.ts
27,6,29,```````````获取状态栏高度···········
27,7,29,chunks:///_virtual/LabelUp.ts
27,8,29,chunks:///_virtual/logoCom.ts
27,9,29,chunks:///_virtual/PiaoEff.ts
27,10,29,chunks:///_virtual/RTQueue.ts
27,11,29,chunks:///_virtual/TestMgr.ts
27,12,29,chunks:///_virtual/ViewFPS.ts
28,0,30,createForOfIteratorHelperLoose
28,1,30,ERROR_ACTION_PARAM_KEY_INVALID
28,2,30,WARN_ACTION_PARAM_KEY_RESERVED
28,3,30,chunks:///_virtual/start-scene
28,4,30,chunks:///_virtual/BgCtrCom.ts
28,5,30,chunks:///_virtual/autoGame.ts
28,6,30,chunks:///_virtual/CloudMgr.ts
28,7,30,chunks:///_virtual/DebugLog.ts
28,8,30,1. 特殊水果不参与区间比例计算，采用直接随机抽取方式生成。
28,9,30,chunks:///_virtual/FruitMgr.ts
28,10,30,chunks:///_virtual/GbzIndex.ts
28,11,30,chunks:///_virtual/GbzUtils.ts
28,12,30,chunks:///_virtual/GlobalXZ.ts
28,13,30,chunks:///_virtual/gridInfo.ts
28,14,30,chunks:///_virtual/HoleComp.ts
28,15,30, game login with real success:
28,16,30,chunks:///_virtual/RandTool.ts
28,17,30,chunks:///_virtual/SelfPool.ts
28,18,30,chunks:///_virtual/WxIAAMgr.ts
29,0,31,openCustomerServiceConversation
29,1,31,chunks:///_virtual/ChuiziCom.ts
29,2,31,chunks:///_virtual/DragFruit.ts
29,3,31,chunks:///_virtual/CusReport.ts
29,4,31,chunks:///_virtual/FruitComp.ts
29,5,31,```````````````````````````````
29,6,31,chunks:///_virtual/IceFollow.ts
29,7,31,初始化失败！当前SDK版本过低，请尽快升级至最新版！下载地址：
29,8,31,action_type 或 action_param 参数错误
29,9,31,chunks:///_virtual/JumpLvBtn.ts
29,10,31,chunks:///_virtual/LayoutIMy.ts
29,11,31,chunks:///_virtual/localData.ts
29,12,31,chunks:///_virtual/LvConfig1.ts
29,13,31,chunks:///_virtual/LvConfig2.ts
29,14,31,chunks:///_virtual/LvConfig3.ts
29,15,31,chunks:///_virtual/PkManager.ts
29,16,31,chunks:///_virtual/TickCntlr.ts
30,0,32,ERROR_CALLBACK_IS_NOT_A_FUNCTION
30,1,32,ERROR_ACTION_PARAM_IS_NOT_OBJECT
30,2,32,ERROR_ACTION_PARAM_VALUE_INVALID
30,3,32,checkUserActivityAndSetLevelData
30,4,32,chunks:///_virtual/CityConfig.ts
30,5,32,chunks:///_virtual/CCNodePool.ts
30,6,32,chunks:///_virtual/CocosUtils.ts
30,7,32,7eeb4ace703daadaf2815ac645e873f2
30,8,32,e16c313ec3615ee106c81b08c373069f
30,9,32,5e0b8eab4078f58b6cdb5a0a5110c19f
30,10,32,a106b47eba9acfaafc9462c04e639354
30,11,32,2f6dad6808b8c3dcf34f141f32bca9bf
30,12,32,8e1f5b193afdada1f7956424ae409821
30,13,32,a751d289f0f592a0efb2faede29b8724
30,14,32,5a0eb38bb8256b0505d4cce4dcc1b029
30,15,32,18beddaab139c6e4140a2ce85f5ea265
30,16,32,ac606836979034b732833c331bda03ea
30,17,32,af13e70cb374b7d30fa70abb950487a1
30,18,32,f6f7a60a325e523b3e68dcb25c77f840
30,19,32,chunks:///_virtual/HwPlatform.ts
30,20,32,xxxxxxxxxxxx4xxxyxxxxxxxxxxxxxxx
30,21,32,行为名称可能有误，请检查该行为类型是否为腾讯广告提供的标准行为！
30,22,32,Invalid argument expected string
30,23,32,chunks:///_virtual/JDPlatform.ts
30,24,32,900150983cd24fb0d6963f7d28e17f72
30,25,32,chunks:///_virtual/ScoreLvMgr.ts
30,26,32,chunks:///_virtual/StreakComp.ts
30,27,32,chunks:///_virtual/VibrateCom.ts
31,0,33,chunks:///_virtual/AudioEngine.ts
31,1,33,chunks:///_virtual/DecryptUtil.ts
31,2,33,chunks:///_virtual/DataManager.ts
31,3,33,chunks:///_virtual/FruitConfig.ts
31,4,33,chunks:///_virtual/GameCreatJS.ts
31,5,33,chunks:///_virtual/GbzInstance.ts
31,6,33,chunks:///_virtual/GbzWinLayer.ts
31,7,33,chunks:///_virtual/GridManager.ts
31,8,33,Cannot call a class as a function
31,9,33,在track方法中，action_param参数的key不能为空！
31,10,33,user_action_set_id 参数需为 number 类型
31,11,33,chunks:///_virtual/LevelConfig.ts
31,12,33,chunks:///_virtual/NavigateBtn.ts
33,0,35,chunks:///_virtual/CCPoolManager.ts
33,1,35,chunks:///_virtual/GbzAviseLayer.ts
33,2,35,chunks:///_virtual/FruitBookComp.ts
33,3,35,chunks:///_virtual/GbzResManager.ts
33,4,35,chunks:///_virtual/GbzSdkManager.ts
33,5,35,chunks:///_virtual/GbzThemeLayer.ts
33,6,35,chunks:///_virtual/GbzTTcblLayer.ts
33,7,35,初始化失败！当前SDK版本存在兼容问题，请尽快升级至最新版！下载地址：
33,8,35,新版本SDK已上线，强烈建议您升级至最新版，尽早享受新特性！下载地址：
33,9,35,chunks:///_virtual/VideoShareCom.ts
34,0,36,chunks:///_virtual/AdPlatformBase.ts
34,1,36,chunks:///_virtual/CalculatedInfo.ts
34,2,36,tr:hover { background-color: #ddd; }
34,3,36,chunks:///_virtual/GbzDataManager.ts
34,4,36,chunks:///_virtual/GbzFadeManager.ts
34,5,36,chunks:///_virtual/GbzGameManager.ts
34,6,36,chunks:///_virtual/GbzGetRewLayer.ts
34,7,36,chunks:///_virtual/GbzPoolManager.ts
34,8,36,chunks:///_virtual/LayoutRectSafe.ts
34,9,36,chunks:///_virtual/LvConfig1_easy.ts
34,10,36,chunks:///_virtual/ScrollListItem.ts
35,0,37,.rule-cell { white-space: pre-wrap; }
35,1,37,chunks:///_virtual/EventDispatcher.ts
35,2,37,chunks:///_virtual/GbzAudioManager.ts
35,3,37,chunks:///_virtual/GbzCarMoveLayer.ts
35,4,37,chunks:///_virtual/GbzGetItemLayer.ts
35,5,37,chunks:///_virtual/GbzLoadingLayer.ts
35,6,37,chunks:///_virtual/GbzSettingLayer.ts
35,7,37,chunks:///_virtual/GbzToastManager.ts
35,8,37,chunks:///_virtual/ReferenceLayMgr.ts
35,9,37,https://pauljk.cn/shareImages/001.png
36,0,38,ERROR_ACTION_PARAM_VALUE_ARRAY_INVALID
36,1,38,chunks:///_virtual/GbzLoseFullLayer.ts
36,2,38,请尽快调用 setOpenId 或 setUnionId 方法设置用户ID！
37,0,39,ZXMTG_Test_GAME_CACHE_curLvChallengeNum
37,1,39,<p>规则分布：前6关各显示一条规则，第7关显示完整规则，其他关无规则</p>
37,2,39,chunks:///_virtual/GbzFruitBookLayer.ts
37,3,39,chunks:///_virtual/GbzFruitDownLayer.ts
37,4,39,chunks:///_virtual/GbzTTRequestLayer.ts
37,5,39,chunks:///_virtual/GridLayerListView.ts
38,0,40,chunks:///_virtual/AutoLightEffect%20.ts
38,1,40,920f995b--b39-4-4b-74-8-daf-4fc1f35dea4b
38,2,40,a47ba428--c31-a-41-be-8-e9f-58b8483aeb7e
38,3,40,bdfdd713--e66-3-43-95-b-add-e06292781271
38,4,40,chunks:///_virtual/GbzResurgenceLayer.ts
38,5,40,chunks:///_virtual/GbzTTAddtableLayer.ts
38,6,40,https://api.devourad.com/Wechat/feedback
39,0,41,chunks:///_virtual/BaseEventDispatcher.ts
39,1,41,chunks:///_virtual/GbzPropSpecialLayer.ts
39,2,41,https://api.devourad.com/Wechat/gameLogin
41,0,44,ERROR_ACTION_PARAM_VALUE_ARRAY_TYPE_UNUNIQUE
41,1,44,https://api.devourad.com/Wechat/dyConversion
41,2,44,@@toPrimitive must return a primitive value.
42,0,45,chunks:///_virtual/FruitPositionCalculator.ts
42,1,45,https://api.devourad.com/Gameinfo/getBindGame
43,0,47,2. 黑洞最多生成 4 个，位置为固定配置；根据关卡编号对 10 取余，从对应的坐标组中选取。
43,1,47,#exportBtn:hover { background-color: #45a049; }
43,2,47,https://cdn.devourad.com/dy/ShuiGuoShares/1.jpg
44,0,48,https://api.devourad.com/WechatGameFile/get_data
44,1,48,https://api.devourad.com/WechatGameFile/set_data
44,2,48,Object prototype may only be an Object or null: 
45,0,49,tr:nth-child(even) { background-color: #f2f2f2; }
45,1,49,https://api.datanexus.qq.com/data-nexus-trace/log
45,2,49,http://api.devourad.com/douyin/gameLoginNoClickId
46,0,50,Super expression must either be null or a function
