分类,标识符,说明
关卡配置,lv2Config,第2关参数配置
关卡配置,lv3Config,第3关参数配置
关卡配置,lv4Config,第4关参数配置
关卡配置,lv5Config,第5关参数配置
关卡配置,lv6Config,第6关参数配置
关卡配置,lv7Config,第7关参数配置
关卡配置,lv8Config,第8关参数配置
关卡配置,lv9Config,第9关参数配置
关卡配置,lv2_3_5Config,第2/3/5关组合配置
数值基准,num10Base,基数10基准值
数值基准,num30Base,基数30基准值
数值基准,num100Base,基数100基准值
数值基准,num100Add,100基础增加值
数值基准,num100Add1,100基础增加值1
数值基准,num100Add2,100基础增加值2
数值基准,num100Reduce,100基础减少值
数值基准,num100Reduce1,100基础减少值1
数值基准,num100Reduce2,100基础减少值2
数值基准,num30Reduce,30基础减少值
水果缩放,fruitScale,水果缩放比例
水果缩放,lastTypeScale,上一类型缩放
水果缩放,lastMultiple,上次倍率
水果缩放,lastTypeMin,上一类型最小值
水果缩放,lastTypeMinTwoNumScale,双数值缩放
水果属性,fruitType,水果类型
水果属性,fruitComp,水果组件
水果属性,fruitsComp,水果组件集合
水果属性,fruitCollider,水果碰撞体
水果属性,fruitRigidbody,水果刚体
水果属性,fruitRemnantNum,水果剩余数量
水果属性,fruitTotalNum,水果总数
随机化,randomMin,随机范围下限
随机化,randomMax,随机范围上限
随机化,randomBase,随机基准值
随机化,randomN,随机次数/数量
随机化,RandomInt,随机整数生成函数
黑洞系统,holeItemTypeArr,黑洞水果类型数组
黑洞系统,holeCount,黑洞数量
黑洞系统,holeCollider,黑洞碰撞体
黑洞系统,blackhole,黑洞对象
黑洞系统,holePosStart,黑洞位置起始
挑战系统,challengeCount,挑战次数
挑战系统,dayAdNumDatas,每日广告次数数据
挑战系统,dayShareNum,每日分享次数
挑战系统,challengeData,挑战数据
关卡进度,game_level,当前游戏关卡
关卡进度,fakeGame_level,伪关卡号(显示用)
关卡进度,curCollectCount,当前收集数
关卡进度,curHoleFruitType,当前黑洞水果类型
关卡进度,stopFruitDownY_day,日常模式水果停止下落Y坐标
关卡进度,AdNumDatas_day,日常模式广告数据
障碍物,woodenObsEasy,简单木障碍配置
障碍物,woodenObsEasyLv2,简单木障碍Lv2配置
障碍物,lvoneTypeStartNum,初始类型起始数量
计算缓存,calculatedInfo,计算信息(难度缓存)
计算缓存,contrastServerLevelData,服务器关卡数据对比
计算缓存,isServerArchive,是否服务器存档
计算缓存,mergeStorageKey,合并存储键
计算缓存,uploadLocalToServer,本地数据上传服务器
游戏尺寸,halfGameWidth,游戏区域半宽(375)
游戏尺寸,halfGameHeight,游戏区域半高(667)
游戏尺寸,leftAndRightBoxWidth,左右盒子宽度
游戏尺寸,squeezeCircle,挤压圆(碰撞挤压效果)
游戏尺寸,MoveDirection,移动方向
游戏尺寸,linearDamping,线性阻尼
游戏尺寸,fruitColliders,水果碰撞器集合
