变量名,混淆表达式,等价JS表达式,求值结果,作用
vs,Fu(78)<Fu(Bu((Ou(85)+Ou(79)+Ou(70))/3)),Math.floor(78)<Math.floor(Math.exp((Math.log(85)+Math.log(79)+Math.log(70))/3)),false,不使用
ls,Uu(2*Ou(zu(12987)))<=Uu(Ou(10733)+Ou(16218)),Math.round(2*Math.log(Math.abs(12987)))<=Math.round(Math.log(10733)+Math.log(16218)),true,启用(条件分支)
bs,Uu(2*Ou(zu(8062)))<=Uu(Ou(5876)+Ou(16105)),round(2*log(abs(8062)))<=round(log(5876)+log(16105)),true,启用
ds,Fu(53)<Fu(Bu((Ou(20)+Ou(ts)+Ou(56)+Ou(fs))/4)),floor(53)<floor(exp((log(20)+log(83)+log(56)+log(53))/4)),true,启用
ks,Uu(2*Ou(zu(3145)))<=Uu(Ou(1361)+Ou(9125)),round(2*log(abs(3145)))<=round(log(1361)+log(9125)),true,启用
ms,Fu(137/3)>=Fu(Bu((Ou(85)+Ou(11)+Ou(41))/3)),floor(137/3)>=floor(exp((log(85)+log(11)+log(41))/3)),false,不使用
ps,Uu(2*Ou(zu(2280)))<=Uu(Ou(4793)+Ou(1088)),round(2*log(abs(2280)))<=round(log(4793)+log(1088)),true,启用
gs,Fu(39.5)<Fu(Bu((Ou(3)+Ou(42)+Ou(93)+Ou(20))/4)),floor(39.5)<floor(exp((log(3)+log(42)+log(93)+log(20))/4)),true,启用
ys,Uu(2*Ou(zu(7187)))>Uu(Ou(10858)+Ou(6341)),round(2*log(abs(7187)))>round(log(10858)+log(6341)),false,不使用
ws,Uu(2*Ou(zu(2304)))>Uu(Ou(3265)+Ou(2593)),round(2*log(abs(2304)))>round(log(3265)+log(2593)),false,不使用
_s,Fu(89/3)<Fu(Bu((Ou(as)+Ou(8)+Ou(42))/3)),floor(89/3)<floor(exp((log(39)+log(8)+log(42))/3)),true,启用
Ms,Fu(122/3)<Fu(Bu((Ou(60)+Ou(20)+Ou(42))/3)),floor(122/3)<floor(exp((log(60)+log(20)+log(42))/3)),true,启用
Ss,Fu(140/3)<Fu(Bu((Ou(20)+Ou(74)+Ou(46))/3)),floor(140/3)<floor(exp((log(20)+log(74)+log(46))/3)),true,启用
As,Fu(164/3)>=Fu(Bu((Ou(as)+Ou(85)+Ou(40))/3)),floor(164/3)>=floor(exp((log(39)+log(85)+log(40))/3)),false,不使用
Cs,Fu(56.5)>=Fu(Bu((Ou(Yu)+Ou(96)+Ou(28)+Ou(46))/4)),floor(56.5)>=floor(exp((log(56)+log(96)+log(28)+log(46))/4)),false,不使用
Ns,Uu(2*Ou(zu(5094)))<=Uu(Ou(2276)+Ou(11402)),round(2*log(abs(5094)))<=round(log(2276)+log(11402)),true,★关键(Fs=+Ns=1)
Ps,Uu(2*Ou(zu(7485)))<=Uu(Ou(7625)+Ou(7394)),round(2*log(abs(7485)))<=round(log(7625)+log(7394)),true,启用
Gs,Uu(2*Ou(zu(2320)))>Uu(Ou(1808)+Ou(3088)),round(2*log(abs(2320)))>round(log(1808)+log(3088)),false,不使用
Fs=+Ns,Fs=Bs=zs=Us=Hs=Vs=Ws=Js=js=qs=Ks=Ys=Xs=Zs,全部=Ns转换数字,1,算术乘数(恒等于1)
