规则编号,名称,原始文本,算法解析,分类
规则0-Kt,水果队列随机互换,水果在根据初始化数据生成队列后，会执行一次随机互换；该随机不是均匀洗牌，已被交换的水果仍可能再次被交换，交换总次数等于水果数量。,队列生成后执行N次随机两两交换(N=水果数量)；非均匀洗牌，同一水果可多次交换,队列随机化
规则4-Yt,障碍物生成,"障碍物按 Y 轴区间等分生成，每个障碍位于各区间的中心位置，X 轴在 [-208, 208] 范围内随机。","Y轴等距分布(区间=总高/障碍数)；Y=区间中心；X=random(-208,208)",障碍物布局
规则5-Xt,冰冻规则,冰冻规则：仅从队列第 30 个之后的水果中选择；Y 坐标需低于关卡顶部 400 单位；解冻次数与高度成正比，越靠近顶部要求越高，最大不超过水果总数的一半，并在此基础上附加 0~5 的随机波动值。,"仅影响队列第30+水果；Y<顶部-400；解冻次数=f(高度)≤总数/2+random(0,5)",冰冻难度
规则Zt-1,黑洞总数计算,"每关总黑洞水果数量：A=(14,34),随关黑洞越多/卡数变化,A+=4*(黑洞数量-2)。","A=random(14,34)+4*(holeCount-2)",黑洞数量公式
规则Zt-2,黑洞水果生成阶段0,随机四种类型插入，每种数量随机为 2 或 4。,"随机选4种类型，每种数量=random(2,4)",水果生成-阶段0
规则Zt-2,黑洞水果生成阶段1,剩余类型随机挑选，数量随机，保证总数不超过A。,剩余类型随机选，数量随机，总数≤A,水果生成-阶段1
规则Zt-3,黑洞水果补齐,不足A时随机补齐，每种随机类型放2个，保证池中总数=A。,若不足A则补齐，每类放2个，总数=A,水果补齐
规则Zt-4,黑洞分配,每个黑洞先保证至少一个水果类型，按排序顺序依次分配；剩余水果随机分配到各黑洞。,每黑洞≥1类型(按序)；剩余随机分配,黑洞分配
规则Zt-5,黑洞最终效果,黑洞总数固定，每个黑洞至少一个水果类型；高关卡水果总数更多、种类更多。,高关卡=更多水果+更多种类,难度递增
规则-黑洞位置,黑洞位置选取,黑洞最多生成4个，位置为固定配置；根据关卡编号对10取余，从对应的坐标组中选取。,max 4个黑洞；位置=坐标组[levelNumber%10],黑洞布局
