配置项,键名,值,说明
引擎,CocosEngine,3.8.8,Cocos Creator 引擎版本
平台,platform,wechatgame,微信小游戏平台
设计分辨率-宽,designResolution.width,750,设计分辨率宽度
设计分辨率-高,designResolution.height,1334,设计分辨率高度
设计分辨率-策略,designResolution.policy,4,分辨率适配策略
物理引擎,physicsEngine,Box2D(WASM),2D物理引擎
重力-X,gravity.x,0,X轴重力
重力-Y,gravity.y,-10,Y轴重力(向下)
重力-Z,gravity.z,0,Z轴重力
允许休眠,allowSleep,true,物理体允许休眠
休眠阈值,sleepThreshold,0.1,进入休眠的速度阈值
自动模拟,autoSimulation,true,自动物理模拟
固定时间步长,fixedTimeStep,0.0166667,物理步长(≈1/60秒)
最大子步数,maxSubSteps,1,物理子步数
碰撞组-fruit,collisionGroups[1],fruit,水果碰撞组(索引1)
碰撞组-wall,collisionGroups[2],wall,墙壁碰撞组(索引2)
碰撞组-obst,collisionGroups[3],obst,障碍物碰撞组(索引3)
碰撞组-clickFruit,collisionGroups[4],clickFruit,可点击水果组(索引4)
碰撞组-guardrail,collisionGroups[5],guardrail,护栏碰撞组(索引5)
碰撞矩阵-默认,collisionMatrix[0],19,默认组碰撞掩码(二进制10011)
碰撞矩阵-fruit,collisionMatrix[1],31,水果组(二进制11111=与wall/obst/clickFruit/guardrail碰撞)
碰撞矩阵-wall,collisionMatrix[2],2,墙壁组(二进制00010=仅与fruit碰撞)
碰撞矩阵-obst,collisionMatrix[3],18,障碍组(二进制10010=与fruit/clickFruit碰撞)
碰撞矩阵-clickFruit,collisionMatrix[4],59,可点击水果(二进制111011)
碰撞矩阵-guardrail,collisionMatrix[5],16,护栏组(二进制10000)
预加载包,preloadBundles,"start-scene,main",启动时预加载的资源包
下载并发数,downloadMaxConcurrency,15,最大并发下载数
启动场景,launchScene,gameNew.scene,游戏启动场景
JS插件,jsList,crypto-md5.js,引擎加载的JS插件
脚本包,scriptPackages,bundle.js,项目脚本入口包
