编号,分类,名称,所属分包,备注
1,水果,苹果,fruits,基础水果
2,水果,西瓜,fruits,基础水果
3,水果,葡萄,fruits,基础水果
4,水果,石榴,fruits,基础水果
5,水果,荔枝,fruits,基础水果
6,水果,香蕉,fruits,基础水果
7,水果,黄桃,fruits,基础水果
8,水果,草莓,fruits,基础水果
9,水果,大枣,fruits,基础水果
10,水果,芒果,fruits,基础水果
11,水果,椰子,fruits,基础水果
12,水果,蜜瓜,fruits,基础水果
13,水果,蓝莓,fruits,基础水果
14,水果,枇杷,fruits,基础水果
15,水果,脐橙,fruits,基础水果
16,水果,冬枣,fruits,基础水果
17,水果,柠檬,fruits,基础水果
18,水果,榴莲,fruits,基础水果
19,水果,杨梅,fruits,基础水果
20,水果,蜜桃,fruits,基础水果
21,水果,桑葚,fruits,基础水果
22,水果,樱桃,fruits,基础水果
23,水果,雪梨,fruits,基础水果
24,水果,桂圆,fruits,基础水果
25,水果,山楂,fruits,基础水果
26,水果,柿子,fruits,基础水果
27,水果,树莓,fruits,基础水果
28,水果,桃子,fruits,基础水果
29,水果,橘子,fruits,基础水果
30,水果,菠萝,fruits,基础水果
31,水果,柚子,fruits,基础水果
32,水果,猕猴桃,fruits,基础水果
33,水果,哈密瓜,fruits,基础水果
34,水果,水蜜桃,fruits,基础水果
35,水果,苹果梨,fruits,基础水果
36,水果,车厘子,fruits,基础水果
37,水果,火龙果,fruits,基础水果
38,水果,人参果,fruits,基础水果
39,蔬菜,包菜,vegetable,蔬菜类
40,蔬菜,南瓜,vegetable,蔬菜类
41,蔬菜,土豆,vegetable,蔬菜类
42,蔬菜,花菜,vegetable,蔬菜类
43,蔬菜,茄子,vegetable,蔬菜类
44,蔬菜,冬瓜,vegetable,蔬菜类
45,蔬菜,大蒜,vegetable,蔬菜类
46,蔬菜,山竹,vegetable,蔬菜类
47,蔬菜,洋葱,vegetable,蔬菜类
48,蔬菜,玉米,vegetable,蔬菜类
49,蔬菜,生姜,vegetable,蔬菜类
50,蔬菜,生菜,vegetable,蔬菜类
51,蔬菜,竹笋,vegetable,蔬菜类
52,蔬菜,苦瓜,vegetable,蔬菜类
53,蔬菜,荸荠,vegetable,蔬菜类
54,蔬菜,莲藕,vegetable,蔬菜类
55,蔬菜,菜心,vegetable,蔬菜类
56,蔬菜,菜瓜,vegetable,蔬菜类
57,蔬菜,黄瓜,vegetable,蔬菜类
58,蔬菜,西红柿,vegetable,蔬菜类
59,蔬菜,红甘蓝,vegetable,蔬菜类
60,蔬菜,黄彩椒,vegetable,蔬菜类
61,甜品,葡挞,sweets,甜品类
62,甜品,泡芙,sweets,甜品类
63,甜品,曲奇,sweets,甜品类
64,甜品,可颂,sweets,甜品类
65,动物,企鹅,animals,动物类
66,动物,小鸡,animals,动物类
67,动物,熊猫,animals,动物类
68,动物,狐狸,animals,动物类
69,动物,狮子,animals,动物类
70,动物,老虎,animals,动物类
71,动物,兔子,animals,动物类
72,动物,刺猬,animals,动物类
73,动物,博美,animals,动物类(狗品种)
74,动物,奶牛,animals,动物类
75,动物,松鼠,animals,动物类
76,动物,棕熊,animals,动物类
77,动物,橘猫,animals,动物类
78,海洋,水母,seaAnimals,海洋动物
79,海洋,河豚,seaAnimals,海洋动物
80,海洋,海象,seaAnimals,海洋动物
81,海洋,海兔,seaAnimals,海洋动物
82,海洋,海星,seaAnimals,海洋动物
83,海洋,海胆,seaAnimals,海洋动物
84,海洋,海螺,seaAnimals,海洋动物
85,海洋,海豚,seaAnimals,海洋动物
86,海洋,海贝,seaAnimals,海洋动物
87,海洋,海马,seaAnimals,海洋动物
88,海洋,海龟,seaAnimals,海洋动物
89,海洋,猴子,seaAnimals,海洋动物(分类存疑)
90,海洋,白鲸,seaAnimals,海洋动物
91,海洋,章鱼,seaAnimals,海洋动物
92,海洋,绵羊,seaAnimals,海洋动物(分类存疑)
93,海洋,羊驼,seaAnimals,海洋动物(分类存疑)
94,海洋,虎鲸,seaAnimals,海洋动物
95,海洋,螃蟹,seaAnimals,海洋动物
96,海洋,锦鲤,seaAnimals,海洋动物
97,海洋,青蛙,seaAnimals,海洋动物
98,海洋,鲨鱼,seaAnimals,海洋动物
99,海洋,鹦鹉,seaAnimals,海洋动物(分类存疑)
100,海洋,黄牛,seaAnimals,海洋动物(分类存疑)
101,海洋,龙虾,seaAnimals,海洋动物
102,特殊,黑洞,-,特殊消除元素
103,特殊,空位,-,空位占位
104,特殊,复活,-,复活道具
105,特殊,未知,-,未知/占位类型
